"","fixed.acidity","volatile.acidity","citric.acid","residual.sugar","chlorides","free.sulfur.dioxide","total.sulfur.dioxide","density","pH","sulphates","alcohol","quality"
"2233",8.4,0.2,0.31,2.8,0.054,16,89,0.99416,2.96,0.45,9.5,6
"2367",7.4,0.33,0.44,7.6,0.05,40,227,0.99679,3.12,0.52,9,5
"622",6.5,0.26,0.43,8.9,0.083,50,171,0.9965,2.85,0.5,9,5
"3292",5.6,0.12,0.33,2.9,0.044,21,73,0.98896,3.17,0.32,12.9,8
"386",5.1,0.33,0.22,1.6,0.027,18,89,0.9893,3.51,0.38,12.5,7
"508",6,0.24,0.27,1.9,0.048,40,170,0.9938,3.64,0.54,10,7
"2605",6.7,0.3,0.29,2.8,0.025,37,107,0.99159,3.31,0.63,11.3,7
"3796",6.5,0.25,0.27,17.4,0.064,29,140,0.99776,3.2,0.49,10.1,6
"1449",7.4,0.16,0.49,1.2,0.055,18,150,0.9917,3.23,0.47,11.2,6
"153",6.9,0.25,0.3,4.1,0.054,23,116,0.994,2.99,0.38,9.4,6
"830",7.1,0.16,0.36,1.2,0.043,21,90,0.9925,3.16,0.42,11,7
"3999",6.4,0.24,0.49,5.8,0.053,25,120,0.9942,3.01,0.98,10.5,6
"839",7.3,0.25,0.36,2.1,0.034,30,177,0.99085,3.25,0.4,11.9,8
"1677",7,0.35,0.3,6.5,0.028,27,87,0.9936,3.4,0.42,11.4,7
"4812",7,0.17,0.42,1,0.075,19,71,0.99103,3.32,0.62,11.4,6
"3812",7.2,0.28,0.38,2,0.052,23,156,0.9912,3.13,0.52,11.1,5
"1640",7.9,0.22,0.49,3.8,0.042,26,105,0.993,3.1,0.39,10.5,5
"2546",7.2,0.22,0.24,1.4,0.041,17,159,0.99196,3.25,0.53,11.2,6
"2877",6.4,0.22,0.31,13.9,0.04,57,135,0.99672,3.21,0.38,10.7,5
"2188",6.8,0.25,0.18,1.4,0.056,13,137,0.9935,3.11,0.42,9.5,5
"766",7.2,0.27,0.42,1.6,0.05,35,135,0.992,2.94,0.46,11,6
"2136",7.2,0.16,0.26,7.1,0.054,41,224,0.9966,3.38,0.55,10.1,5
"4075",6.6,0.35,0.19,10.5,0.06,15,82,0.99588,3.13,0.38,9.9,4
"2958",6.4,0.12,0.3,1.1,0.031,37,94,0.98986,3.01,0.56,11.7,6
"358",6.1,0.36,0.33,1.1,0.05,24,169,0.9927,3.15,0.78,9.5,6
"4621",6.4,0.38,0.19,4.5,0.038,36,119,0.99151,3.07,0.42,11.2,6
"3613",6.8,0.16,0.18,1.8,0.046,31,114,0.99226,3.27,0.55,10.8,6
"3819",5.1,0.35,0.26,6.8,0.034,36,120,0.99188,3.38,0.4,11.5,6
"3979",6.5,0.29,0.53,1.7,0.04,41,192,0.9922,3.26,0.59,10.4,7
"3689",7.1,0.21,0.35,2.5,0.04,41,186,0.99128,3.32,0.56,12.5,6
"4772",6.8,0.27,0.3,13,0.047,69,160,0.99705,3.16,0.5,9.6,6
"862",7.3,0.25,0.42,14.2,0.041,57,182,0.9996,3.29,0.75,9.1,7
"4483",6.2,0.3,0.33,3.5,0.037,37,155,0.98987,3.18,0.37,12.4,6
"1172",8.2,0.61,0.45,5.4,0.03,15,118,0.9954,3.14,0.34,9.6,5
"4694",6.7,0.16,0.32,12.5,0.035,18,156,0.99666,2.88,0.36,9,6
"2375",7.2,0.2,0.3,2,0.039,43,188,0.9911,3.3,0.41,12,6
"547",6.3,0.26,0.24,7.2,0.039,38,172,0.9958,3.49,0.64,9.7,6
"586",7.4,0.24,0.22,10.7,0.042,26,81,0.9954,2.86,0.36,9.7,6
"4767",6.4,0.32,0.25,5,0.055,28,138,0.99171,3.27,0.5,12.4,8
"3323",5.7,0.26,0.3,1.8,0.039,30,105,0.98995,3.48,0.52,12.5,7
"2384",6.7,0.26,0.29,5.8,0.025,26,74,0.9929,3.28,0.53,11,6
"1916",7.2,0.36,0.36,5.7,0.038,26,98,0.9914,2.93,0.59,12.5,7
"3198",7.9,0.34,0.44,6.5,0.027,47,126,0.99124,2.96,0.37,12.5,6
"3247",6.8,0.22,0.41,6.7,0.034,39,116,0.99245,3.18,0.46,11.5,6
"2492",6,0.2,0.24,5.3,0.075,49,201,0.99466,3.21,0.43,9.5,5
"3965",7.5,0.35,0.48,12.4,0.056,61,176.5,0.99803,2.97,0.52,8.8,5
"3014",7,0.13,0.37,12.85,0.042,36,105,0.99581,3.05,0.55,10.7,6
"2135",6.8,0.26,0.32,7,0.041,38,118,0.9939,3.25,0.52,10.8,6
"753",6.7,0.2,0.42,14,0.038,83,160,0.9987,3.16,0.5,9.4,6
"4807",6.6,0.28,0.09,10.9,0.051,37,131,0.99566,2.93,0.62,9.5,6
"4528",6.8,0.17,0.17,5.1,0.049,26,82,0.993,3,0.38,9.8,6
"2891",5.2,0.285,0.29,5.15,0.035,64,138,0.9895,3.19,0.34,12.4,8
"1077",7.5,0.28,0.33,7.7,0.048,42,180,0.9974,3.37,0.59,10.1,6
"1989",8,0.22,0.32,10.4,0.043,63,201,0.997,3.11,0.53,9.5,6
"2341",7.7,0.29,0.29,4.8,0.06,27,156,0.99572,3.49,0.59,10.3,6
"2226",7.6,0.23,0.26,15.3,0.067,32,166,0.9986,3.03,0.44,9.2,4
"2636",8.2,0.32,0.26,2.1,0.062,26,87,0.98974,3.1,0.47,12.8,6
"3080",6.6,0.35,0.34,4.9,0.032,9,125,0.99253,3.32,0.81,12,5
"2454",6.3,0.2,0.26,1.6,0.027,36,141,0.99268,3.53,0.56,10.8,6
"2314",6.8,0.32,0.3,3.3,0.029,15,80,0.99061,3.33,0.63,12.6,7
"4158",7.4,0.16,0.3,13.7,0.056,33,168,0.99825,2.9,0.44,8.7,7
"989",6.9,0.19,0.33,1.6,0.043,63,149,0.9925,3.44,0.52,10.8,5
"4442",6.6,0.27,0.25,1.2,0.033,36,111,0.98918,3.16,0.37,12.4,6
"1888",7.3,0.24,0.41,13.6,0.05,41,178,0.9988,3.37,0.43,9.7,5
"2426",7.2,0.24,0.29,3,0.036,17,117,0.99411,3.36,0.68,10.1,6
"3285",8,0.34,0.25,6.4,0.035,38,103,0.99148,2.91,0.23,12.2,6
"1749",8,0.27,0.24,1.2,0.044,20,102,0.9929,3.28,0.42,10.9,5
"2970",6.7,0.2,0.3,1.4,0.025,17,76,0.99104,3.11,0.44,11,6
"414",7.2,0.19,0.39,1.2,0.036,32,85,0.9918,3.16,0.5,10.5,5
"3507",7.5,0.33,0.28,4.9,0.042,21,155,0.99385,3.36,0.57,10.9,6
"2629",7,0.24,0.24,9,0.03,42,219,0.99636,3.47,0.46,10.2,6
"1574",7.8,0.26,0.49,3.1,0.045,21,116,0.9931,3.16,0.35,10.3,5
"1232",7.9,0.41,0.37,4.5,0.03,40,114,0.992,3.17,0.54,12.4,7
"4565",7,0.23,0.35,1.4,0.036,31,113,0.9912,3.16,0.48,10.8,7
"355",5.8,0.4,0.42,4.4,0.047,38.5,245,0.9937,3.25,0.57,9.6,6
"4458",6,0.28,0.29,19.3,0.051,36,174,0.99911,3.14,0.5,9,5
"1495",7.7,0.35,0.49,8.65,0.033,42,186,0.9931,3.14,0.38,12.4,8
"792",5.9,0.24,0.3,2,0.033,28,92,0.99225,3.39,0.69,10.9,7
"4839",5.3,0.275,0.24,7.4,0.038,28,114,0.99313,3.38,0.51,11,6
"543",5.5,0.35,0.35,1.1,0.045,14,167,0.992,3.34,0.68,9.9,6
"266",6.9,0.29,0.4,19.45,0.043,36,156,0.9996,2.93,0.47,8.9,5
"4582",6,0.27,0.26,1.3,0.038,32,138,0.99125,3.46,0.43,11.1,6
"4764",5.3,0.4,0.25,3.9,0.031,45,130,0.99072,3.31,0.58,11.75,7
"3197",6.4,0.22,0.38,9.1,0.044,35,127,0.99326,2.97,0.3,11,7
"3923",6.7,0.31,0.3,2.4,0.038,30,83,0.98867,3.09,0.36,12.8,7
"4",7.2,0.23,0.32,8.5,0.058,47,186,0.9956,3.19,0.4,9.9,6
"2902",6.5,0.22,0.32,2.2,0.028,36,92,0.99076,3.27,0.59,11.9,7
"2140",7.1,0.33,0.64,13.2,0.056,12,105,0.9972,3.05,0.39,9.2,5
"1418",8.6,0.55,0.35,15.55,0.057,35.5,366.5,1.0001,3.04,0.63,11,3
"662",6.8,0.25,0.34,14,0.032,47,133,0.9952,3.37,0.5,12.2,7
"1814",7.2,0.15,0.38,1.2,0.038,18,110,0.9917,3.19,0.43,11.1,6
"2028",6.9,0.32,0.15,8.1,0.046,51,180,0.9958,3.13,0.45,8.9,5
"2535",6.8,0.23,0.3,1.7,0.043,19,95,0.99207,3.17,0.46,10.7,7
"4530",7.3,0.26,0.53,12.7,0.047,60.5,164.5,0.9984,3.06,0.45,9.1,6
"3605",7.4,0.36,0.23,1.9,0.017,31,69,0.9892,2.93,0.36,12.5,6
"2579",5.8,0.3,0.27,1.7,0.014,45,104,0.98914,3.4,0.56,12.6,7
"2319",7.5,0.26,0.59,11.8,0.046,58,164,0.99814,3.17,0.46,8.9,4
"917",7.4,0.13,0.39,4.7,0.042,36,137,0.995,3.36,0.56,10.3,7
"299",7.5,0.17,0.44,11.3,0.046,65,146,0.997,3.17,0.45,10,6
"4354",7.4,0.16,0.3,1.4,0.064,34,166,0.99136,3.11,0.42,11.4333333333333,6
"3559",5.7,0.22,0.22,16.65,0.044,39,110,0.99855,3.24,0.48,9,6
"4557",6.1,0.2,0.4,1.9,0.028,32,138,0.9914,3.26,0.72,11.7,5
"3611",6.7,0.35,0.48,8.8,0.056,35,167,0.99628,3.04,0.47,9.4,5
"3943",7.2,0.23,0.39,1.5,0.053,26,106,0.99166,3.18,0.47,11.1,6
"74",8.6,0.23,0.46,1,0.054,9,72,0.9941,2.95,0.49,9.1,6
"3263",7.6,0.19,0.32,18.75,0.047,32,193,1.00014,3.1,0.5,9.3,7
"1269",7.6,0.31,0.29,10.5,0.04,21,145,0.9966,3.04,0.35,9.4,5
"4069",7.1,0.44,0.27,8.4,0.057,60,160,0.99257,3.16,0.36,11.8,6
"4520",5.8,0.13,0.22,12.7,0.058,24,183,0.9956,3.32,0.42,11.7,6
"1944",6.3,0.25,0.44,11.6,0.041,48,195,0.9968,3.18,0.52,9.5,5
"3238",6.4,0.23,0.35,4.6,0.039,43,147,0.99216,3.18,0.4,11,7
"963",7.3,0.24,0.34,15.4,0.05,38,174,0.9983,3.03,0.42,9,6
"1378",6.9,0.28,0.41,1.7,0.05,10,136,0.993,3.16,0.71,11.4,6
"3157",6.1,0.17,0.42,15.1,0.033,28,124,0.99684,2.87,0.47,9.5,5
"1986",8.1,0.19,0.58,16.65,0.049,48,181,1.0006,3.2,0.62,9.1,6
"724",6.6,0.33,0.31,1.3,0.02,29,89,0.99035,3.26,0.44,12.4,8
"4832",5.8,0.38,0.26,1.1,0.058,20,140,0.99271,3.27,0.43,9.7,6
"2058",6.7,0.31,0.31,4.9,0.031,20,151,0.9926,3.36,0.82,12,7
"2279",6.7,0.31,0.18,7.7,0.043,57,200,0.99566,3.17,0.44,9.4,6
"453",5.9,0.46,0.14,2.7,0.042,27,160,0.9931,3.46,0.51,10.6,7
"3502",6.7,0.24,0.36,8.4,0.042,42,123,0.99473,3.34,0.52,10.9,6
"1039",7.1,0.15,0.34,5.3,0.034,33,104,0.9953,3.37,0.52,9.3,7
"3384",6.4,0.22,0.32,4.9,0.046,50,156,0.99316,3.38,0.55,11.2,6
"3745",7,0.15,0.28,14.7,0.051,29,149,0.99792,2.96,0.39,9,7
"1786",8.5,0.21,0.26,9.25,0.034,73,142,0.9945,3.05,0.37,11.4,6
"2687",8,0.17,0.29,2.4,0.029,52,119,0.98944,3.03,0.33,12.9,6
"489",7.4,0.29,0.29,1.6,0.045,53,180,0.9936,3.34,0.68,10.5,6
"1934",7.2,0.47,0.65,8.3,0.083,27,182,0.9964,3,0.35,9.2,5
"996",7.8,0.27,0.34,1.6,0.046,27,154,0.9927,3.05,0.45,10.5,6
"1840",7,0.19,0.23,5.7,0.123,27,104,0.9954,3.04,0.54,9.4,6
"2421",8.1,0.4,0.32,7.9,0.031,23,118,0.99176,3.05,0.46,13.3,7
"4287",6,0.2,0.26,6.8,0.049,22,93,0.9928,3.15,0.42,11,6
"4427",6.2,0.21,0.52,6.5,0.047,28,123,0.99418,3.22,0.49,9.9,6
"2814",5.8,0.32,0.31,2.7,0.049,25,153,0.99067,3.44,0.73,12.2,7
"4136",5.9,0.26,0.24,2.4,0.046,27,132,0.99234,3.63,0.73,11.3,5
"2181",8,0.36,0.43,10.1,0.053,29,146,0.9982,3.4,0.46,9.5,6
"4629",6.1,0.19,0.37,2.6,0.041,24,99,0.99153,3.18,0.5,10.9,6
"1296",7.5,0.23,0.32,9.2,0.038,54,191,0.9966,3.04,0.56,9.7,6
"144",8.5,0.21,0.41,4.3,0.036,24,99,0.9947,3.18,0.53,9.7,6
"3825",7.3,0.24,0.3,2.5,0.042,31,104,0.9911,3.05,0.56,11.3,7
"2423",6.2,0.44,0.18,7.7,0.096,28,210,0.99771,3.56,0.72,9.2,5
"1108",7.2,0.37,0.15,2,0.029,27,87,0.9903,3.3,0.59,12.6,7
"538",7.4,0.25,0.36,13.2,0.067,53,178,0.9976,3.01,0.48,9,6
"1848",7.4,0.44,0.2,11.5,0.049,44,157,0.998,3.27,0.44,9,5
"3186",6.5,0.21,0.4,7.3,0.041,49,115,0.99268,3.21,0.43,11,6
"3405",5.8,0.18,0.28,1.3,0.034,9,94,0.99092,3.21,0.52,11.2,6
"1079",6.5,0.26,0.34,16.3,0.051,56,197,1.0004,3.49,0.42,9.8,5
"4703",6.4,0.69,0.09,7.6,0.044,34,144,0.9948,3.26,0.38,10.1,6
"464",6.8,0.32,0.21,2.2,0.044,15,68,0.9932,3.17,0.39,9.4,6
"47",6.2,0.45,0.26,4.4,0.063,63,206,0.994,3.27,0.52,9.8,4
"337",6.3,0.23,0.33,1.5,0.036,15,105,0.991,3.32,0.42,11.2,6
"661",7.1,0.28,0.26,1.9,0.049,12,86,0.9934,3.15,0.38,9.4,5
"278",7.7,0.26,0.4,1.1,0.042,9,60,0.9915,2.89,0.5,10.6,5
"4111",7.6,0.4,0.27,1.2,0.053,23,193,0.99164,3.22,0.38,11.6,5
"2296",7.5,0.42,0.19,6.9,0.041,62,150,0.99508,3.23,0.37,10,6
"4121",7.4,0.28,0.5,12.1,0.049,48,122,0.9973,3.01,0.44,9,5
"2262",6.5,0.36,0.31,4.1,0.061,20,134,0.99475,3.18,0.45,9,6
"700",7.4,0.31,0.48,14.2,0.042,62,204,0.9983,3.06,0.59,9.4,5
"2835",6.2,0.15,0.27,1.4,0.041,51,117,0.9909,3.28,0.38,11.2,6
"2087",8.2,0.17,0.32,1.5,0.05,17,101,0.994,3.14,0.58,9.5,5
"342",8,0.24,0.36,1.5,0.047,17,129,0.9948,3.2,0.54,10,6
"2224",6.9,0.23,0.33,12.8,0.056,44,169,0.998,3.42,0.42,9.8,6
"3637",6.5,0.26,0.39,1.4,0.02,12,66,0.99089,3.25,0.75,11.3,7
"1083",6.3,0.27,0.25,5.8,0.038,52,155,0.995,3.28,0.38,9.4,6
"3898",7,0.24,0.3,12.3,0.035,72,172,0.9954,2.99,0.57,10.4,6
"3325",6.9,0.17,0.3,2,0.047,13,117,0.99152,3.16,0.51,11.6,6
"1540",7.3,0.26,0.49,5,0.028,32,107,0.9936,3.24,0.54,10.8,6
"2991",5,0.27,0.32,4.5,0.032,58,178,0.98956,3.45,0.31,12.6,7
"525",5.6,0.35,0.37,1,0.038,6,72,0.9902,3.37,0.34,11.4,5
"2494",7.6,0.31,0.23,12.7,0.054,20,139,0.99836,3.16,0.5,9.7,4
"4351",7,0.36,0.25,5.7,0.015,14,73,0.98963,2.82,0.59,13.2,6
"1275",8.4,0.35,0.56,13.8,0.048,55,190,0.9993,3.07,0.58,9.4,6
"3601",6.8,0.12,0.3,12.9,0.049,32,88,0.99654,3.2,0.35,9.9,6
"4410",6.3,0.29,0.29,3.3,0.037,32,140,0.9895,3.17,0.36,12.8,7
"1935",6.8,0.28,0.36,1.6,0.04,25,87,0.9924,3.23,0.66,10.3,6
"4618",5.2,0.5,0.18,2,0.036,23,129,0.98949,3.36,0.77,13.4,7
"2479",6.3,0.27,0.37,7.9,0.047,58,215,0.99542,3.19,0.48,9.5,6
"287",6.5,0.28,0.33,15.7,0.053,51,190,0.9978,3.22,0.51,9.7,6
"4373",7.1,0.23,0.23,3.5,0.038,23,112,0.99157,3.05,0.37,11.3666666666667,6
"760",7.1,0.13,0.4,1.2,0.047,54,134,0.9932,3.3,0.97,9.8,7
"1861",6.7,0.18,0.19,4.7,0.046,57,161,0.9946,3.32,0.66,10.5,6
"425",6.9,0.23,0.38,8.3,0.047,47,162,0.9954,3.34,0.52,10.5,7
"1807",7.6,0.38,0.2,3.4,0.046,9,116,0.9944,3.15,0.41,9.4,5
"4813",5.1,0.26,0.33,1.1,0.027,46,113,0.98946,3.35,0.43,11.4,7
"1593",6.8,0.21,0.74,1.2,0.047,25,111,0.9916,3.13,0.41,10.7,6
"4223",6.1,0.38,0.14,3.9,0.06,27,113,0.99344,3.07,0.34,9.2,4
"4766",5.2,0.3,0.34,1.5,0.038,18,96,0.98942,3.56,0.48,13,8
"2795",6.8,0.35,0.53,10.1,0.053,37,151,0.9963,3.07,0.4,9.4,5
"715",6,0.39,0.26,2.7,0.038,39,187,0.99325,3.41,0.5,10.8,6
"4614",5.8,0.27,0.2,7.3,0.04,42,145,0.99442,3.15,0.48,9.8,5
"273",5.8,0.25,0.26,13.1,0.051,44,148,0.9972,3.29,0.38,9.3,5
"3971",6.7,0.18,0.31,10.6,0.035,42,143,0.99572,3.08,0.49,9.8,7
"1771",7.8,0.39,0.26,9.9,0.059,33,181,0.9955,3.04,0.42,10.9,6
"1005",5.8,0.36,0.26,3.3,0.038,40,153,0.9911,3.34,0.55,11.3,6
"4244",6.8,0.26,0.26,2,0.019,23.5,72,0.99041,3.16,0.47,11.8,6
"38",7,0.33,0.32,1.2,0.053,38,138,0.9906,3.13,0.28,11.2,6
"882",8.8,0.36,0.44,1.9,0.04,9,121,0.9953,3.19,0.48,9.9,6
"4532",7.3,0.28,0.54,12.9,0.049,62,162.5,0.9984,3.06,0.45,9.1,6
"820",6.6,0.56,0.22,8.9,0.034,27,133,0.99675,3.2,0.51,9.1,5
"470",7.2,0.29,0.53,18.15,0.047,59,182,0.9992,3.09,0.52,9.6,5
"1312",6.3,0.23,0.22,3.75,0.039,37,116,0.9927,3.23,0.5,10.7,6
"2062",6.7,0.23,0.33,1.8,0.036,23,96,0.9925,3.32,0.4,10.8,6
"3419",7.2,0.37,0.4,11.6,0.032,34,214,0.9963,3.1,0.51,9.8,6
"3990",6.8,0.11,0.27,8.6,0.044,45,104,0.99454,3.2,0.37,9.9,6
"141",6.3,0.31,0.34,2.2,0.045,20,77,0.9927,3.3,0.43,10.2,5
"2424",7.2,0.24,0.29,3,0.036,17,117,0.99411,3.36,0.68,10.1,6
"501",7.2,0.28,0.54,16.7,0.045,54,200,0.999,3.08,0.49,9.5,6
"3711",4.7,0.67,0.09,1,0.02,5,9,0.98722,3.3,0.34,13.6,5
"261",6.9,0.115,0.35,5.4,0.048,36,108,0.9939,3.32,0.42,10.2,6
"675",6.4,0.32,0.5,10.7,0.047,57,206,0.9968,3.08,0.6,9.4,5
"3630",6.4,0.36,0.2,5.7,0.118,61,172,0.9946,3.24,0.43,9.5,6
"3120",5.9,0.19,0.37,0.8,0.027,3,21,0.9897,3.09,0.31,10.8,5
"878",6,0.28,0.34,1.6,0.119,33,104,0.9921,3.19,0.38,10.2,6
"4146",6.8,0.26,0.29,11.9,0.052,54,160,0.99546,3.03,0.58,10.4,6
"4496",6.8,0.23,0.39,16.1,0.053,71,194,0.9988,3.18,0.64,10.2,6
"1919",6.6,0.35,0.29,14.4,0.044,54,177,0.9991,3.17,0.58,8.9,6
"1879",8,0.25,0.26,14,0.043,41,248,0.9986,3.03,0.57,8.7,6
"4848",4.4,0.54,0.09,5.1,0.038,52,97,0.99022,3.41,0.4,12.2,7
"2056",7.3,0.29,0.29,4.6,0.029,27,155,0.9931,3.07,0.26,10.6,6
"142",7.1,0.37,0.67,10.5,0.045,49,155,0.9975,3.16,0.44,8.7,5
"1681",7.6,0.32,0.34,18.35,0.054,44,197,1.0008,3.22,0.55,9,5
"608",7.3,0.25,0.29,7.5,0.049,38,158,0.9965,3.43,0.38,9.6,5
"4712",5.4,0.205,0.16,12.55,0.051,31,115,0.99564,3.4,0.38,10.8,6
"3060",8.5,0.19,0.48,1.1,0.026,23,58,0.99184,2.9,0.5,10.5,6
"1278",7.6,0.31,0.29,10.5,0.04,21,145,0.9966,3.04,0.35,9.4,5
"198",6.8,0.26,0.24,7.8,0.052,54,214,0.9961,3.13,0.47,8.9,5
"3500",6.1,0.33,0.3,3,0.036,30,124,0.98922,3.31,0.4,13.1,7
"4558",6.1,0.37,0.46,12,0.042,61,210,0.997,3.17,0.59,9.7,6
"2245",7,0.36,0.14,11.6,0.043,35,228,0.9977,3.13,0.51,8.9,5
"2539",5.9,0.28,0.14,8.6,0.032,30,142,0.99542,3.28,0.44,9.5,6
"2780",6.7,0.2,0.37,1.65,0.025,42,103,0.99022,3.11,0.45,11.4,5
"3749",6.2,0.24,0.25,12.5,0.055,47,134,0.99758,3.3,0.51,9,5
"181",6.4,0.33,0.31,5.5,0.048,42,173,0.9951,3.19,0.66,9.3,6
"4183",7.5,0.38,0.56,9.7,0.055,15,170,0.99605,3.13,0.65,9.9,6
"2712",5.6,0.2,0.22,1.3,0.049,25,155,0.99296,3.74,0.43,10,5
"3831",4.8,0.26,0.23,10.6,0.034,23,111,0.99274,3.46,0.28,11.5,7
"1528",7.9,0.28,0.49,7.7,0.045,48,195,0.9954,3.04,0.55,11,6
"3726",6.6,0.26,0.28,9.4,0.028,13,121,0.99254,3.17,0.34,12.1,6
"3989",6.1,0.2,0.17,1.6,0.048,46,129,0.991,3.3,0.43,11.4,6
"1704",6.7,0.33,0.42,6.4,0.058,27,151,0.9954,3.16,0.44,9.6,5
"1303",7.4,0.19,0.42,6.4,0.067,39,212,0.9958,3.3,0.33,9.6,6
"3303",6.6,0.24,0.28,6.7,0.032,26,91,0.99172,3.13,0.32,12.3,6
"4381",5.7,0.31,0.29,7.3,0.05,33,143,0.99332,3.31,0.5,11.0666666666667,6
"4536",7.3,0.26,0.53,12.7,0.047,60.5,156,0.9984,3.06,0.45,9.1,6
"2392",6.5,0.24,0.29,8.2,0.043,32,156,0.99453,3.13,0.7,10.1,6
"4681",6.8,0.63,0.04,1.3,0.058,25,133,0.99271,3.17,0.39,10.2,4
"352",7.3,0.33,0.4,6.85,0.038,32,138,0.992,3.03,0.3,11.9,7
"609",6.1,0.28,0.25,17.75,0.044,48,161,0.9993,3.34,0.48,9.5,5
"2177",6.9,0.32,0.13,7.8,0.042,11,117,0.996,3.23,0.37,9.2,5
"418",6.8,0.26,0.22,7.7,0.047,57,210,0.9959,3.1,0.47,9,5
"549",6.5,0.18,0.31,1.7,0.044,30,127,0.9928,3.49,0.5,10.2,7
"3142",5.9,0.33,0.32,8.1,0.038,9,34,0.9911,3.22,0.36,12.7,7
"2158",8.5,0.25,0.27,4.7,0.031,31,92,0.9922,3.01,0.33,12,6
"629",7,0.32,0.24,6.2,0.048,31,228,0.9957,3.23,0.62,9.4,6
"1031",7.1,0.2,0.41,2.1,0.054,24,166,0.9948,3.48,0.62,10.5,6
"1973",7.6,0.2,0.26,4.5,0.086,37,133,0.9963,3.15,0.42,9.2,5
"1958",7,0.12,0.32,7.2,0.058,22,89,0.9966,3.29,0.38,9.2,6
"93",6.9,0.24,0.33,1.7,0.035,47,136,0.99,3.26,0.4,12.6,7
"3885",6,0.28,0.24,17.8,0.047,42,111,0.99896,3.1,0.45,8.9,6
"475",5.5,0.16,0.22,4.5,0.03,30,102,0.9938,3.24,0.36,9.4,6
"4518",6.8,0.17,0.17,5.1,0.049,26,82,0.993,3,0.38,9.8,6
"2528",7.3,0.16,0.35,1.5,0.036,29,108,0.99342,3.27,0.51,10.2,6
"1978",8.4,0.2,0.27,6.3,0.048,30,143,0.9966,3.25,0.5,9.1,6
"4705",6.3,0.36,0.5,8.3,0.053,51,202,0.9955,3.2,0.51,9.6,6
"4861",6,0.52,0.33,7.7,0.046,24,119,0.99224,3.04,0.38,11,6
"2940",7,0.12,0.29,10.3,0.039,41,98,0.99564,3.19,0.38,9.8,8
"3423",6.2,0.28,0.28,4.3,0.026,22,105,0.989,2.98,0.64,13.1,8
"643",6.3,0.21,0.33,13.9,0.046,68,179,0.9971,3.36,0.5,10.4,6
"3757",5.5,0.17,0.23,2.9,0.039,10,108,0.99243,3.28,0.5,10,5
"2553",6.6,0.36,0.52,11.3,0.046,8,110,0.9966,3.07,0.46,9.4,5
"3464",6.2,0.3,0.31,1.6,0.035,40,106,0.98914,3.26,0.39,12.9,7
"1509",6.8,0.21,0.49,14.5,0.06,50,170,0.9991,3.55,0.44,9.8,6
"341",7.4,0.2,0.43,7.8,0.045,27,153,0.9964,3.19,0.55,9,7
"1665",8.1,0.28,0.46,15.4,0.059,32,177,1.0004,3.27,0.58,9,4
"1647",6.4,0.22,0.49,7.5,0.054,42,151,0.9948,3.27,0.52,10.1,6
"2269",6.3,0.2,0.3,5.9,0.034,35,152,0.99642,3.47,0.4,8.5,6
"2543",8.9,0.27,0.34,10.7,0.029,19.5,166,0.99669,3.13,0.48,10.6,5
"2150",6.8,0.24,0.34,5.1,0.038,31,99,0.9921,3.24,0.46,11.8,6
"4624",6.6,0.4,0.3,5.3,0.038,20,125,0.99204,3.36,0.73,12.6,6
"1430",6.1,0.22,0.49,1.5,0.051,18,87,0.9928,3.3,0.46,9.6,5
"1030",6.3,0.6,0.44,11,0.05,50,245,0.9972,3.19,0.57,9.3,4
"222",7.2,0.685,0.21,9.5,0.07,33,172,0.9971,3,0.55,9.1,6
"149",6.3,0.34,0.33,4.6,0.034,19,80,0.9917,3.38,0.58,12,7
"3772",6.1,0.27,0.28,9.8,0.042,61,125,0.99532,3.14,0.42,10.2,6
"4374",6.1,0.26,0.28,1.7,0.043,24,98,0.98918,3.14,0.44,12.5,6
"3580",7.4,0.25,0.28,7.25,0.028,14,78,0.99238,2.94,0.37,11.5,7
"3376",7.8,0.22,0.26,9,0.047,38,132,0.997,3.25,0.53,10.2,6
"1912",7.1,0.18,0.26,1.3,0.041,20,71,0.9926,3.04,0.74,9.9,6
"1711",8.1,0.31,0.24,1.6,0.032,10,67,0.9924,3.08,0.47,10.5,5
"4852",6.4,0.33,0.44,8.9,0.055,52,164,0.99488,3.1,0.48,9.6,5
"1608",5.8,0.19,0.49,4.9,0.04,44,118,0.9935,3.34,0.38,9.5,7
"4560",6.9,0.22,0.32,9.3,0.04,22,110,0.9958,3.34,0.54,10.7,7
"4178",6.4,0.25,0.33,1.7,0.037,35,113,0.99164,3.23,0.66,10.6,6
"4329",6.4,0.42,0.19,9.3,0.043,28,145,0.99433,3.23,0.53,10.98,5
"2355",6.5,0.21,0.28,1.4,0.046,26,66,0.99199,3.43,0.48,11.1,6
"566",7.8,0.22,0.38,10.3,0.059,28,99,0.9967,3.12,0.47,10,6
"1171",7.7,0.25,0.43,4.5,0.062,20,115,0.9966,3.38,0.5,9.9,6
"1962",9.5,0.21,0.47,1.3,0.039,21,123,0.9959,2.9,0.64,9.5,5
"2517",7.1,0.32,0.29,4,0.038,33,170,0.99463,3.27,0.64,10.2,6
"1572",7.4,0.3,0.49,8.2,0.055,49,188,0.9974,3.52,0.58,9.7,6
"471",8.6,0.37,0.7,12.15,0.039,21,158,0.9983,3,0.73,9.3,6
"2920",6.4,0.16,0.32,8.75,0.038,38,118,0.99449,3.19,0.41,10.7,5
"3230",6.2,0.2,0.26,1.1,0.047,42,119,0.99158,3.48,0.6,11,7
"1262",7.3,0.19,0.68,1.5,0.05,31,156,0.9946,3.32,0.64,9.4,6
"3843",7.5,0.26,0.31,1.6,0.032,36,109,0.99044,2.97,0.43,11.9,6
"1826",7.1,0.32,0.4,1.5,0.034,13,84,0.9944,3.42,0.6,10.4,5
"3636",5.8,0.58,0,1.5,0.02,33,96,0.98918,3.29,0.38,12.4,6
"226",7.1,0.24,0.41,17.8,0.046,39,145,0.9998,3.32,0.39,8.7,5
"2983",7,0.2,0.31,8,0.05,29,213,0.99596,3.28,0.57,10.4,6
"697",6.7,0.19,0.34,1,0.022,22,94,0.9912,3.23,0.57,11.1,6
"1337",7.8,0.29,0.36,7,0.042,38,161,0.9941,3.26,0.37,11.2,8
"4549",6.4,0.46,0.22,14.7,0.047,51,183,0.998275,3.39,0.6,10.5,5
"2994",6.8,0.18,0.28,9.8,0.039,29,113,0.99406,3.11,0.45,10.9,7
"4610",6,0.615,0.04,0.8,0.032,8,50,0.99036,3.14,0.4,11,4
"1061",8,0.26,0.36,2,0.054,30,121,0.992,3.09,0.72,11.6,7
"4837",6.7,0.5,0.36,11.5,0.096,18,92,0.99642,3.11,0.49,9.6,5
"3316",5.8,0.18,0.37,1.2,0.036,19,74,0.98853,3.09,0.49,12.7,7
"1015",6.1,0.16,0.27,12.6,0.064,63,162,0.9994,3.66,0.43,8.9,5
"759",7.1,0.14,0.4,1.2,0.051,55,136,0.9932,3.3,0.96,9.8,7
"3978",6.9,0.27,0.25,7.5,0.03,18,117,0.99116,3.09,0.38,13,6
"4693",6,0.36,0.32,1.1,0.053,26,173,0.99414,3.38,0.54,8.8,5
"4097",8,0.25,0.35,1.1,0.054,13,136,0.99366,3.08,0.55,9.5,5
"2456",7.8,0.32,0.33,10.4,0.031,47,194,0.99692,3.07,0.58,9.6,6
"899",6.6,0.26,0.29,1.4,0.039,13,67,0.9915,3.05,0.49,10.9,6
"1221",6.4,0.23,0.33,1.15,0.044,15.5,217.5,0.992,3.33,0.44,11,6
"1851",7.1,0.25,0.25,1.6,0.046,50,181,0.9925,3.2,0.42,11,7
"477",7.4,0.28,0.36,1.1,0.028,42,105,0.9893,2.99,0.39,12.4,7
"4236",6.4,0.29,0.18,15,0.04,21,116,0.99736,3.14,0.5,9.2,5
"4028",6.4,0.26,0.26,1.1,0.052,22,176,0.99304,3.09,0.54,9.3,5
"1650",6.9,0.26,0.49,1.6,0.058,39,166,0.9965,3.65,0.52,9.4,4
"3271",6.4,0.15,0.29,1.8,0.044,21,115,0.99166,3.1,0.38,10.2,5
"4335",7.3,0.19,0.27,13.9,0.057,45,155,0.99807,2.94,0.41,8.8,8
"1661",6.6,0.27,0.49,7.8,0.049,62,217,0.9959,3.17,0.45,9.4,6
"2099",7.4,0.18,0.36,13.1,0.056,72,163,1,3.42,0.35,9.1,6
"4588",8,0.33,0.35,10,0.035,22,108,0.99457,3.12,0.36,11.6,6
"4746",6.1,0.26,0.25,2.9,0.047,289,440,0.99314,3.44,0.64,10.5,3
"4850",6.4,0.33,0.44,8.9,0.055,52,164,0.99488,3.1,0.48,9.6,5
"3268",5.8,0.23,0.2,2,0.043,39,154,0.99226,3.21,0.39,10.2,6
"4215",7,0.44,0.24,12.1,0.056,68,210,0.99718,3.05,0.5,9.5,5
"3451",6.6,0.21,0.29,5.35,0.029,43,106,0.99112,2.93,0.43,11.5,7
"2532",6.7,0.54,0.27,7.1,0.049,8,178,0.99502,3.16,0.38,9.4,4
"4015",6.5,0.18,0.48,18,0.054,56,183,1.00038,2.98,0.61,8.5,6
"4659",7.1,0.43,0.25,2.8,0.036,43,132,0.98975,3.21,0.47,13.4,6
"4872",5,0.2,0.4,1.9,0.015,20,98,0.9897,3.37,0.55,12.05,6
"1179",9.8,0.44,0.4,2.8,0.036,35,167,0.9956,2.97,0.39,9.2,5
"3213",6.4,0.24,0.32,0.95,0.041,23,131,0.99033,3.25,0.35,11.8,5
"4841",6.8,0.34,0.36,8.9,0.029,44,128,0.99318,3.28,0.35,11.95,7
"2704",6.5,0.23,0.36,16.3,0.038,43,133,0.99924,3.26,0.41,8.8,5
"210",6.1,0.4,0.31,0.9,0.048,23,170,0.993,3.22,0.77,9.5,6
"4891",6.1,0.34,0.29,2.2,0.036,25,100,0.98938,3.06,0.44,11.8,6
"3544",6,0.33,0.2,1.8,0.031,49,159,0.9919,3.41,0.53,11,6
"974",6.5,0.08,0.33,1.9,0.028,23,93,0.991,3.34,0.7,12,7
"4083",5.9,0.23,0.28,8.6,0.046,37,142,0.99432,3.23,0.53,10.6,6
"3948",6.1,0.3,0.32,2.2,0.042,41,142,0.98952,3.31,0.44,12.7,7
"2244",6.7,0.23,0.42,11.2,0.047,52,171,0.99758,3.54,0.74,10.4,5
"3433",7.8,0.29,0.29,3.15,0.044,41,117,0.99153,3.24,0.35,11.5,5
"1500",6.7,0.51,0.24,2.1,0.043,14,155,0.9904,3.22,0.6,13,6
"2620",6.6,0.35,0.35,6,0.063,31,150,0.99537,3.1,0.47,9.4,6
"801",7.8,0.27,0.58,11.2,0.036,44,161,0.9977,3.06,0.41,8.9,6
"4593",6.7,0.45,0.3,5.3,0.036,27,165,0.99122,3.12,0.46,12.2,6
"2273",6.2,0.25,0.28,8.5,0.035,28,108,0.99486,3.4,0.42,10.4,6
"4454",6.6,0.38,0.29,2.9,0.035,15,101,0.98916,3.04,0.37,12.5,6
"2161",6,0.33,0.38,9.7,0.04,29,124,0.9954,3.47,0.48,11,6
"4568",5.8,0.28,0.66,9.1,0.039,26,159,0.9965,3.66,0.55,10.8,5
"2893",6.7,0.42,0.46,9.7,0.054,67,234,0.99848,3.23,0.5,9,5
"3570",8,0.25,0.27,9.7,0.036,15,85,0.99406,2.99,0.36,11.2,6
"4606",6.5,0.29,0.32,3,0.036,38,93,0.9906,3.16,0.59,12,6
"2949",6.8,0.26,0.48,6.2,0.049,55,182,0.99582,3.21,0.45,9.4,6
"2234",6.5,0.39,0.35,1.6,0.049,10,164,0.99516,3.35,0.51,9.7,5
"873",6.3,0.26,0.21,4,0.03,24,125,0.9915,3.06,0.34,10.7,6
"3039",6.5,0.23,0.45,2.1,0.027,43,104,0.99054,3.02,0.52,11.3,6
"3354",6.5,0.43,0.28,11.25,0.032,31,87,0.9922,3.02,0.38,12.4,6
"2154",7.5,0.18,0.39,1.9,0.054,23,91,0.9941,3.27,0.45,10.3,6
"4192",7.8,0.27,0.35,1.2,0.05,36,140,0.99138,3.09,0.45,11.2,5
"1615",8,0.29,0.49,11.7,0.035,40,131,0.9958,3.14,0.34,10.8,5
"345",5.4,0.29,0.47,3,0.052,47,145,0.993,3.29,0.75,10,6
"3081",8.5,0.19,0.48,1.1,0.026,23,58,0.99184,2.9,0.5,10.5,6
"3473",6.7,0.16,0.36,2,0.045,24,131,0.99284,3.3,0.59,10.5,6
"884",7.4,0.26,0.43,6,0.022,22,125,0.9928,3.13,0.55,11.5,6
"1191",7.6,0.21,0.44,1.9,0.036,10,119,0.9913,3.01,0.7,12.8,6
"1886",7.2,0.2,0.61,16.2,0.043,14,103,0.9987,3.06,0.36,9.2,6
"4119",6.5,0.43,0.31,3.6,0.046,19,143,0.99022,3.15,0.34,12,8
"3548",7.3,0.2,0.29,19.9,0.039,69,237,1.00037,3.1,0.48,9.2,6
"53",6.2,0.16,0.33,1.1,0.057,21,82,0.991,3.32,0.46,10.9,7
"1304",8.2,0.2,0.36,8.1,0.035,60,163,0.9952,3.05,0.3,10.3,6
"3888",7.2,0.24,0.36,2,0.029,21,63,0.99076,3.13,0.63,12.5,6
"3003",6.3,0.37,0.28,6.3,0.034,45,152,0.9921,3.29,0.46,11.6,7
"2906",7.6,0.31,0.26,1.7,0.073,40,157,0.9938,3.1,0.46,9.8,5
"1499",7.7,0.27,0.49,1.8,0.041,23,86,0.9914,3.16,0.42,12.5,6
"1970",6.3,0.41,0.3,3.2,0.03,49,164,0.9927,3.53,0.79,11.7,7
"2551",6.2,0.33,0.14,4.8,0.052,27,128,0.99475,3.21,0.48,9.4,5
"2003",7.6,0.17,0.35,1.6,0.047,43,154,0.9934,3.36,0.69,11.1,6
"2402",9.2,0.16,0.49,2,0.044,18,107,0.99514,3.1,0.53,10.2,4
"102",7.1,0.12,0.32,9.6,0.054,64,162,0.9962,3.4,0.41,9.4,5
"2541",9,0.29,0.34,12.1,0.03,34,177,0.99706,3.13,0.47,10.6,5
"490",7.4,0.26,0.31,7.6,0.047,52,177,0.9962,3.13,0.45,8.9,6
"757",5.8,0.25,0.28,11.1,0.056,45,175,0.99755,3.42,0.43,9.5,5
"1017",6.8,0.37,0.47,11.2,0.071,44,136,0.9968,2.98,0.88,9.2,5
"2376",7,0.32,0.29,4.9,0.036,41,150,0.99168,3.38,0.43,12.2,6
"1394",5.7,0.135,0.3,4.6,0.042,19,101,0.9946,3.31,0.42,9.3,6
"1479",7.9,0.22,0.24,4.6,0.044,39,159,0.9927,2.99,0.28,11.5,6
"3534",6.6,0.22,0.3,14.7,0.045,50,136,0.99704,3.14,0.37,10.6,6
"3448",6,0.17,0.29,9.7,0.044,33,98,0.99536,3.12,0.36,9.2,6
"205",5.8,0.28,0.35,2.3,0.053,36,114,0.9924,3.28,0.5,10.2,4
"4844",5.6,0.34,0.25,2.5,0.046,47,182,0.99093,3.21,0.4,11.3,5
"201",6.8,0.27,0.26,16.1,0.049,55,196,0.9984,3.15,0.5,9.3,5
"1040",7.5,0.17,0.34,1.4,0.035,13,102,0.9918,3.05,0.74,11,5
"2501",6.8,0.21,0.36,18.1,0.046,32,133,1,3.27,0.48,8.8,5
"1666",6.5,0.13,0.37,1,0.036,48,114,0.9911,3.41,0.51,11.5,8
"3091",6.6,0.17,0.35,2.6,0.03,33,78,0.99146,3.22,0.72,11.3,6
"4058",6.6,0.17,0.36,1.9,0.036,38,110,0.99056,3.05,0.54,11.4,6
"1643",7.3,0.19,0.49,15.55,0.058,50,134,0.9998,3.42,0.36,9.1,7
"494",6.3,0.19,0.28,1.8,0.022,28,158,0.9907,3.2,0.64,11.4,6
"2796",6.4,0.22,0.32,7.2,0.028,15,83,0.993,3.13,0.55,10.9,8
"692",6.1,0.36,0.16,6.4,0.037,36,198,0.9944,3.17,0.62,9.9,6
"637",6.2,0.17,0.28,4.7,0.037,39,133,0.9931,3.41,0.46,10.8,7
"4246",7.6,0.35,0.47,13.3,0.037,42,116,0.99822,3.04,0.5,9.2,5
"2452",6.6,0.56,0.15,10,0.037,38,157,0.99642,3.28,0.52,9.4,5
"4145",6.8,0.28,0.29,11.9,0.052,51,149,0.99544,3.02,0.58,10.4,6
"4643",5.7,0.24,0.3,1.3,0.03,25,98,0.98968,3.37,0.43,12.4,7
"2523",7.3,0.17,0.24,8.1,0.121,32,162,0.99508,3.17,0.38,10.4,8
"4319",6.3,0.41,0.22,7.3,0.035,23,117,0.99172,3.2,0.39,11.94,7
"4204",6.2,0.3,0.32,1.3,0.054,27,183,0.99266,3.3,0.43,10.1,5
"2012",7.2,0.15,0.39,1.8,0.043,21,159,0.9948,3.52,0.47,10,5
"3688",6,0.16,0.27,12,0.03,39,98,0.99402,3.15,0.34,10.8,5
"3020",7.2,0.32,0.3,8.25,0.02,14,104,0.99362,2.99,0.44,11.4,6
"987",7.4,0.28,0.3,5.3,0.054,44,161,0.9941,3.12,0.48,10.3,6
"2872",6.7,0.15,0.38,1.7,0.037,20,84,0.99046,3.09,0.53,11.4,6
"57",7.2,0.21,0.34,11.9,0.043,37,213,0.9962,3.09,0.5,9.6,6
"1722",8.2,0.15,0.48,2.7,0.052,24,190,0.995,3.5,0.45,10.9,7
"439",7.4,0.155,0.34,2.3,0.045,73.5,214,0.9934,3.18,0.61,9.9,7
"2560",5.7,0.255,0.65,1.2,0.079,17,137,0.99307,3.2,0.42,9.4,5
"1008",5.1,0.52,0.06,2.7,0.052,30,79,0.9932,3.32,0.43,9.3,5
"2001",6.8,0.31,0.09,1.4,0.04,56,145,0.9922,3.19,0.46,10,5
"1364",6.9,0.32,0.16,1.4,0.051,15,96,0.994,3.22,0.38,9.5,4
"4393",6.2,0.25,0.44,15.8,0.057,39,167,0.99804,3.14,0.51,9.2,5
"3033",6.7,0.14,0.46,1.6,0.036,15,92,0.99264,3.37,0.49,10.9,5
"2921",7.4,0.28,0.4,11.9,0.032,13,92,0.99629,3.01,0.46,10.8,4
"612",7.4,0.24,0.4,4.3,0.032,9,95,0.992,3.09,0.39,11.1,6
"2635",8.7,0.31,0.73,14.35,0.044,27,191,1.00013,2.96,0.88,8.7,5
"1001",8,0.19,0.36,1.8,0.05,16,84,0.9936,3.15,0.45,9.8,7
"2437",6.9,0.43,0.28,9.4,0.056,29,183,0.99594,3.17,0.43,9.4,5
"55",6.8,0.2,0.59,0.9,0.147,38,132,0.993,3.05,0.38,9.1,6
"3539",6.5,0.28,0.25,4.8,0.029,54,128,0.99074,3.17,0.44,12.2,7
"30",7.2,0.32,0.36,2,0.033,37,114,0.9906,3.1,0.71,12.3,7
"1815",8.2,0.42,0.29,4.1,0.03,31,100,0.9911,3,0.32,12.8,7
"3228",6.8,0.27,0.37,8.2,0.055,52,192,0.99586,3.11,0.52,9.5,6
"2383",6.9,0.15,0.28,4.4,0.029,14,107,0.99347,3.24,0.46,10.4,8
"468",6.8,0.32,0.21,2.2,0.044,15,68,0.9932,3.17,0.39,9.4,6
"1444",7,0.18,0.49,5.3,0.04,34,125,0.9914,3.24,0.4,12.2,6
"4548",5.9,0.29,0.32,1.4,0.022,17,47,0.9899,3.35,0.35,11.5,6
"289",7.2,0.23,0.39,14.2,0.058,49,192,0.9979,2.98,0.48,9,7
"3152",6.2,0.23,0.36,17.2,0.039,37,130,0.99946,3.23,0.43,8.8,6
"1368",7.6,0.27,0.24,3.8,0.058,19,115,0.9958,3.15,0.45,8.9,5
"811",6,0.28,0.49,6.8,0.048,61,222,0.9953,3.19,0.47,9.3,5
"3212",8.2,0.3,0.44,12.4,0.043,52,154,0.99452,3.04,0.33,12,6
"276",6.6,0.19,0.41,8.9,0.046,51,169,0.9954,3.14,0.57,9.8,6
"1185",7.9,0.46,0.32,4.1,0.033,40,138,0.9912,3.18,0.44,12.8,7
"52",6.6,0.25,0.29,1.1,0.068,39,124,0.9914,3.34,0.58,11,7
"3556",5.8,0.14,0.15,6.1,0.042,27,123,0.99362,3.06,0.6,9.9,6
"2166",7,0.35,0.31,1.8,0.069,15,162,0.9944,3.18,0.47,9.4,5
"805",7.3,0.32,0.34,6.6,0.032,24,112,0.99505,3.22,0.46,9.8,6
"3038",6.3,0.33,0.42,17.2,0.037,57,170,0.99884,3.26,0.57,9.4,6
"980",6,0.2,0.71,1.6,0.15,10,54,0.9927,3.12,0.47,9.8,5
"3121",6.2,0.25,0.42,8,0.049,53,206,0.99586,3.16,0.47,9.1,6
"2912",6.2,0.36,0.14,8.9,0.036,38,155,0.99622,3.27,0.5,9.4,5
"3482",5.8,0.22,0.3,1.1,0.047,36,131,0.992,3.26,0.45,10.4,5
"2193",7.9,0.28,0.41,4.9,0.058,31,153,0.9966,3.27,0.51,9.7,6
"2694",6.7,0.23,0.25,1.6,0.036,28,143,0.99256,3.3,0.54,10.3,6
"4302",7.2,0.34,0.23,8.9,0.105,22,155,0.99692,3.01,0.58,9.5,5
"4617",7.3,0.28,0.37,1.2,0.039,26,99,0.99198,3.01,0.62,10.8,5
"1193",7.1,0.26,0.32,14.45,0.074,29,107,0.998,2.96,0.42,9.2,6
"3159",7.1,0.36,0.37,4.8,0.019,39,114,0.99036,3.08,0.49,12.7,7
"2270",8.5,0.19,0.56,17.3,0.055,47,169,1.00047,3.07,0.67,9.3,6
"3823",7,0.33,0.28,5.7,0.033,39,204,0.99176,3.17,0.64,12.5,6
"1075",6.2,0.55,0.45,12,0.049,27,186,0.9974,3.17,0.5,9.3,6
"714",6.4,0.31,0.39,7.5,0.04,57,213,0.99475,3.32,0.43,10,5
"1883",7.7,0.3,0.42,14.3,0.045,45,213,0.9991,3.18,0.63,9.2,5
"403",6.1,0.35,0.07,1.4,0.069,22,108,0.9934,3.23,0.52,9.2,5
"3522",5.9,0.23,0.24,3.8,0.038,61,152,0.99139,3.31,0.5,11.3,7
"1533",7.5,0.23,0.49,7.7,0.049,61,209,0.9941,3.14,0.3,11.1,7
"2015",9,0.55,0.3,8.1,0.026,14,71,0.993,2.94,0.36,11.8,5
"1160",7.8,0.3,0.29,16.85,0.054,23,135,0.9998,3.16,0.38,9,6
"4575",6.2,0.2,0.26,9.7,0.03,39,102,0.9908,3.08,0.56,12.9,7
"2420",6.1,0.36,0.41,19.35,0.07,67,207,1.00118,3.39,0.53,9.1,5
"2132",7.1,0.22,0.32,16.9,0.056,49,158,0.9998,3.37,0.38,9.6,6
"4609",6.2,0.36,0.27,3.2,0.032,13,73,0.98942,2.9,0.69,12.6,7
"1004",6.9,0.24,0.39,1.3,0.063,18,136,0.9928,3.31,0.48,10.4,7
"2513",5.6,0.175,0.29,0.8,0.043,20,67,0.99112,3.28,0.48,9.9,6
"4165",7,0.31,0.35,1.6,0.063,13,119,0.99184,3.22,0.5,10.7,5
"1513",7.3,0.22,0.49,9.4,0.034,29,134,0.9939,2.99,0.32,11,7
"4626",8.3,0.49,0.23,6.65,0.034,6,158,0.99344,3.05,0.48,11.2,5
"4435",7.2,0.24,0.24,1.7,0.045,18,161,0.99196,3.25,0.53,11.2,6
"4692",6.9,0.19,0.31,19.25,0.043,38,167,0.99954,2.93,0.52,9.1,7
"254",5.8,0.24,0.44,3.5,0.029,5,109,0.9913,3.53,0.43,11.7,3
"3139",6.9,0.22,0.43,6.4,0.042,34,115,0.99293,3.05,0.51,10.8,6
"59",6.6,0.38,0.15,4.6,0.044,25,78,0.9931,3.11,0.38,10.2,6
"1760",6.6,0.62,0.2,8.7,0.046,81,224,0.99605,3.17,0.44,9.3,5
"321",6,0.1,0.24,1.1,0.041,15,65,0.9927,3.61,0.61,10.3,7
"4504",5.8,0.61,0.01,8.4,0.041,31,104,0.9909,3.26,0.72,14.05,7
"3841",6.7,0.37,0.25,2.5,0.028,24,84,0.9909,3.14,0.36,11.7,6
"7",6.2,0.32,0.16,7,0.045,30,136,0.9949,3.18,0.47,9.6,6
"4893",6.5,0.23,0.38,1.3,0.032,29,112,0.99298,3.29,0.54,9.7,5
"3253",7.1,0.26,0.37,5.5,0.025,31,105,0.99082,3.06,0.33,12.6,8
"4284",6,0.2,0.26,6.8,0.049,22,93,0.9928,3.15,0.42,11,6
"537",7.9,0.345,0.51,15.3,0.047,54,171,0.9987,3.09,0.51,9.1,5
"284",6.7,0.34,0.3,15.6,0.054,51,196,0.9982,3.19,0.49,9.3,5
"627",7.6,0.56,0.12,10.4,0.096,22,177,0.9983,3.32,0.45,9.1,4
"1302",6.9,0.2,0.4,7.7,0.032,51,176,0.9939,3.22,0.27,11.4,5
"983",5.1,0.39,0.21,1.7,0.027,15,72,0.9894,3.5,0.45,12.5,6
"1329",5.2,0.37,0.33,1.2,0.028,13,81,0.9902,3.37,0.38,11.7,6
"335",5.6,0.26,0.26,5.7,0.031,12,80,0.9923,3.25,0.38,10.8,5
"1375",6.9,0.23,0.34,2.7,0.032,24,121,0.9902,3.14,0.38,12.4,7
"1863",7.3,0.13,0.31,2.3,0.054,22,104,0.9924,3.24,0.92,11.5,7
"4343",5.7,0.28,0.35,1.2,0.052,39,141,0.99108,3.44,0.69,11.3,6
"4222",6.3,0.28,0.34,8.1,0.038,44,129,0.99248,3.26,0.29,12.1,6
"3604",7,0.32,0.27,7.1,0.027,37,122,0.99165,3.15,0.6,12.6,7
"1521",8.3,0.2,0.49,1.7,0.038,38,167,0.9939,3.05,0.37,10.1,6
"2586",6.8,0.18,0.3,12.8,0.062,19,171,0.99808,3,0.52,9,7
"4267",6,0.31,0.27,2.3,0.042,19,120,0.98952,3.32,0.41,12.7,7
"3650",7,0.29,0.37,1.6,0.035,34,126,0.99058,3.26,0.47,12.3,6
"819",6.2,0.3,0.17,2.8,0.04,24,125,0.9939,3.01,0.46,9,5
"17",6.3,0.48,0.04,1.1,0.046,30,99,0.9928,3.24,0.36,9.6,6
"2925",6.6,0.22,0.29,14.4,0.046,39,118,0.99834,3.05,0.5,9.1,6
"4242",6.4,0.27,0.29,3.9,0.034,62,140,0.99237,3.1,0.59,11.1,6
"1012",7.7,0.16,0.41,1.7,0.048,60,173,0.9932,3.24,0.66,11.2,7
"4202",6.7,0.41,0.27,2.6,0.033,25,85,0.99086,3.05,0.34,11.7,6
"2174",7.6,0.32,0.58,16.75,0.05,43,163,0.9999,3.15,0.54,9.2,5
"2738",7.4,0.2,0.28,9.1,0.047,29,95,0.99532,3.16,0.47,9.8,7
"3750",6.3,0.28,0.29,6.8,0.051,40,143,0.99374,3.43,0.59,11,6
"1231",7.3,0.29,0.3,13,0.043,46,238,0.9986,3.06,0.41,8.7,6
"4623",6.5,0.5,0.22,4.1,0.036,35,131,0.9902,3.26,0.55,13,7
"2569",6.8,0.28,0.36,7,0.043,60,207,0.99556,3.16,0.49,9.6,6
"2216",8.5,0.28,0.34,13.8,0.041,32,161,0.9981,3.13,0.4,9.9,6
"928",6.7,0.25,0.33,2.9,0.057,52,173,0.9934,3.02,0.48,9.5,7
"1765",6.7,0.27,0.25,8,0.053,54,202,0.9961,3.22,0.43,9.3,5
"3113",7.6,0.23,0.34,1.6,0.043,24,129,0.99305,3.12,0.7,10.4,5
"2338",6.5,0.28,0.35,9.8,0.067,61,180,0.9972,3.15,0.57,9,4
"571",7.4,0.41,0.66,10.8,0.051,77,194,0.9976,3.05,0.46,8.7,5
"1660",6.6,0.325,0.49,7.7,0.049,53,217,0.996,3.16,0.4,9.3,5
"4720",6.7,0.15,0.32,7.9,0.034,17,81,0.99512,3.29,0.31,10,6
"3101",6.7,0.14,0.51,4.3,0.028,57,124,0.99176,2.91,0.54,10.7,7
"4309",6.2,0.26,0.29,2,0.036,16,87,0.99081,3.33,0.61,11.8,6
"3117",6.7,0.21,0.37,2.5,0.034,35,89,0.9913,3.25,0.5,11,7
"2900",6.2,0.21,0.26,13.1,0.05,59,150,0.99772,3.31,0.46,9,5
"4080",5.4,0.265,0.28,7.8,0.052,27,91,0.99432,3.19,0.38,10.4,6
"691",6.9,0.2,0.34,1.9,0.043,25,136,0.9935,3.31,0.6,10.1,4
"3987",6.8,0.11,0.27,8.6,0.044,45,104,0.99454,3.2,0.37,9.9,6
"1914",8.3,0.23,0.3,2.1,0.049,21,153,0.9953,3.09,0.5,9.6,6
"4086",7.4,0.26,0.29,3.7,0.048,14,73,0.9915,3.06,0.45,11.4,6
"3086",8.5,0.23,0.4,9.9,0.036,24,88,0.9951,3.02,0.42,10.5,6
"4642",6.6,0.26,0.36,1.2,0.035,43,126,0.99094,3.01,0.63,11.4,6
"4570",6.2,0.2,0.32,2.8,0.05,17,126,0.9936,3.18,0.55,9.4,6
"1507",8.1,0.2,0.49,8.1,0.051,51,205,0.9954,3.1,0.52,11,6
"3090",6.2,0.36,0.38,3.2,0.031,20,89,0.98956,3.06,0.33,12,7
"3416",6.1,0.3,0.3,2.1,0.031,50,163,0.9895,3.39,0.43,12.7,7
"4100",6.4,0.5,0.2,2.4,0.059,19,112,0.99314,3.18,0.4,9.2,6
"4554",5.7,0.28,0.3,3.9,0.026,36,105,0.98963,3.26,0.58,12.75,6
"3995",6.7,0.28,0.34,8.9,0.048,32,111,0.99455,3.25,0.54,11,7
"2079",5.9,0.17,0.3,1.4,0.042,25,119,0.9931,3.68,0.72,10.5,6
"1150",6.7,0.25,0.23,7.2,0.038,61,220,0.9952,3.14,0.35,9.5,5
"197",6.4,0.29,0.44,3.6,0.197,75,183,0.9942,3.01,0.38,9.1,5
"4135",6.8,0.27,0.28,7.8,0.038,26,89,0.9915,3.24,0.34,12.5,6
"1629",8.2,0.2,0.49,3.5,0.057,14,108,0.9928,3.19,0.35,11.5,6
"2165",8.4,0.22,0.28,18.8,0.028,55,130,0.998,2.96,0.35,11.6,5
"642",6.1,0.28,0.25,12.9,0.054,34,189,0.9979,3.25,0.43,9,4
"559",5.9,0.21,0.24,12.1,0.044,53,165,0.9969,3.25,0.39,9.5,5
"208",10.2,0.44,0.88,6.2,0.049,20,124,0.9968,2.99,0.51,9.9,4
"2412",8,0.27,0.25,19.1,0.045,50,208,1.00051,3.05,0.5,9.2,6
"1240",10.3,0.25,0.48,2.2,0.042,28,164,0.998,3.19,0.59,9.7,5
"1964",7.4,0.32,0.55,16.6,0.056,53,238,1.0017,2.96,0.58,8.7,6
"324",6.8,0.28,0.44,9.3,0.031,35,137,0.9946,3.16,0.36,10.4,6
"619",7.7,0.24,0.27,1.8,0.051,52,190,0.9928,3.23,0.5,10.8,6
"665",7.1,0.17,0.38,7.4,0.052,49,182,0.9958,3.35,0.52,9.6,6
"4502",6.6,0.54,0.21,16.3,0.055,41,182,0.9986,3.35,0.54,10.4,6
"2359",7.4,0.32,0.27,12.9,0.04,60,221,0.99831,3.05,0.66,9.4,5
"3431",7.1,0.17,0.4,14.55,0.047,47,156,0.99945,3.34,0.78,9.1,6
"4661",6.6,0.33,0.41,2,0.027,14,79,0.99063,3.27,0.63,12.4,6
"1270",8.4,0.35,0.56,13.8,0.048,55,190,0.9993,3.07,0.58,9.4,6
"1431",7,0.39,0.24,1,0.048,8,119,0.9923,3,0.31,10.1,4
"3531",7.2,0.31,0.35,7.2,0.046,45,178,0.9955,3.14,0.53,9.7,5
"4414",5.8,0.3,0.38,4.9,0.039,22,86,0.98963,3.23,0.58,13.1,7
"3199",6.4,0.22,0.38,9.1,0.044,35,127,0.99326,2.97,0.3,11,7
"3252",6.7,0.24,0.37,11.3,0.043,64,173,0.99632,3.08,0.53,9.9,6
"1175",7.2,0.26,0.26,12.7,0.036,49,214,0.9986,3.41,0.5,10,6
"1366",6.7,0.13,0.28,1.2,0.046,35,140,0.9927,3.33,0.33,10.1,7
"2292",8.6,0.17,0.28,2.7,0.047,38,150,0.99365,3.1,0.56,10.8,6
"2678",6.2,0.25,0.31,3.2,0.03,32,150,0.99014,3.18,0.31,12,6
"939",6.2,0.35,0.29,7.3,0.044,56,244,0.9956,3.36,0.55,10,6
"3332",6.8,0.23,0.32,8.6,0.046,47,159,0.99452,3.08,0.52,10.5,6
"2642",6.1,0.15,0.35,15.8,0.042,55,158,0.99642,3.24,0.37,10.6,5
"4304",6.9,0.26,0.29,4.2,0.043,33,114,0.9902,3.16,0.31,12.5,6
"4509",5.8,0.26,0.3,2.6,0.034,75,129,0.9902,3.2,0.38,11.5,4
"233",8.2,0.27,0.39,7.8,0.039,49,208,0.9976,3.31,0.51,9.5,6
"2897",7,0.31,0.39,7.5,0.055,42,218,0.99652,3.37,0.54,10.3,5
"3751",7,0.15,0.28,14.7,0.051,29,149,0.99792,2.96,0.39,9,7
"2008",5.6,0.18,0.31,1.5,0.038,16,84,0.9924,3.34,0.58,10.1,6
"2447",6.6,0.32,0.33,2.5,0.052,40,210,0.99316,3.15,0.6,10,5
"3802",8.3,0.18,0.3,1.1,0.033,20,57,0.99109,3.02,0.51,11,6
"163",6.3,0.36,0.3,4.8,0.049,14,85,0.9932,3.28,0.39,10.6,5
"2623",6.6,0.26,0.21,2.9,0.026,48,126,0.99089,3.22,0.38,11.3,7
"3513",6.3,0.21,0.31,1.2,0.043,30,117,0.99158,3.49,0.68,11,6
"4369",6.5,0.3,0.28,11.45,0.041,29,109,0.99418,2.98,0.3,10.9,6
"2577",6.5,0.27,0.4,10,0.039,74,227,0.99582,3.18,0.5,9.4,5
"2068",7.6,0.29,0.29,4.4,0.051,26,146,0.9939,3.16,0.39,10.2,5
"1897",7.5,0.29,0.67,8.1,0.037,53,166,0.9966,2.9,0.41,8.9,6
"3",8.1,0.28,0.4,6.9,0.05,30,97,0.9951,3.26,0.44,10.1,6
"670",6.4,0.24,0.5,11.6,0.047,60,211,0.9966,3.18,0.57,9.3,5
"2357",7.1,0.34,0.32,2,0.051,29,130,0.99354,3.3,0.5,10.4,6
"4866",6.2,0.355,0.35,2,0.046,31,95,0.98822,3.06,0.46,13.6,6
"232",8.3,0.28,0.4,7.8,0.041,38,194,0.9976,3.34,0.51,9.6,6
"3225",5.7,0.15,0.28,3.7,0.045,57,151,0.9913,3.22,0.27,11.2,6
"1846",7.4,0.44,0.2,11.5,0.049,44,157,0.998,3.27,0.44,9,5
"920",8.6,0.18,0.4,1.1,0.04,20,107,0.9923,2.94,0.32,10.2,7
"1059",7.5,0.21,0.34,1.2,0.06,26,111,0.9931,3.51,0.47,10.7,6
"1328",6.8,0.26,0.33,1.5,0.047,44,167,0.9928,3.12,0.44,10.5,6
"3128",7.6,0.3,0.38,2.1,0.043,10,98,0.99296,3.17,0.65,11,5
"2138",7.2,0.16,0.26,7.1,0.054,41,224,0.9966,3.38,0.55,10.1,5
"3561",6.6,0.64,0.28,4.4,0.032,19,78,0.99036,3.11,0.62,12.9,6
"1019",7.1,0.18,0.42,1.4,0.045,47,157,0.9916,2.95,0.31,10.5,6
"2100",6,0.16,0.3,6.7,0.043,43,153,0.9951,3.63,0.46,10.6,5
"3927",6.9,0.14,0.29,9.9,0.056,30,91,0.99512,3.19,0.33,9.9,6
"2861",7.3,0.21,0.33,1,0.037,66,144,0.9923,3.11,0.52,10.2,6
"122",7.8,0.24,0.32,12.2,0.054,42,138,0.9984,3.01,0.54,8.8,5
"1683",7.2,0.25,0.28,14.4,0.055,55,205,0.9986,3.12,0.38,9,7
"2799",6.9,0.31,0.32,1.6,0.036,34,114,0.99068,3.19,0.45,11.4,7
"4653",6.1,0.38,0.47,1.4,0.051,59,210,0.99309,3.24,0.5,9.6,5
"4254",5.3,0.47,0.1,1.3,0.036,11,74,0.99082,3.48,0.54,11.2,4
"3566",8,0.25,0.27,9.7,0.036,15,85,0.99406,2.99,0.36,11.2,6
"2941",7.1,0.29,0.34,7.8,0.036,49,128,0.99397,3.21,0.4,10.7,6
"2978",6.6,0.23,0.2,11.4,0.044,45,131,0.99604,2.96,0.51,9.7,6
"437",6.1,0.28,0.32,2.5,0.042,23,218.5,0.9935,3.27,0.6,9.8,5
"291",7.2,0.23,0.39,14.2,0.058,49,192,0.9979,2.98,0.48,9,7
"864",6.2,0.28,0.33,1.7,0.029,24,111,0.99,3.24,0.5,12.1,6
"3912",7.2,0.23,0.82,1.3,0.149,70,109,0.99304,2.93,0.42,9.2,6
"3952",6.3,0.33,0.2,17.9,0.066,36,161,0.9991,3.14,0.51,8.8,5
"748",7.2,0.29,0.4,7.6,0.024,56,177,0.9928,3.04,0.32,11.5,6
"1288",8.3,0.21,0.4,1.6,0.032,35,110,0.9907,3.02,0.6,12.9,7
"3002",6.6,0.2,0.27,10.9,0.038,29,130,0.99496,3.11,0.44,10.5,7
"2754",5.8,0.315,0.27,1.55,0.026,15,70,0.98994,3.37,0.4,11.9,8
"2134",8.3,0.24,0.27,2.1,0.03,22,162,0.9914,2.99,0.68,11.9,6
"3023",8,0.74,0.21,4,0.05,24,133,0.99418,3.06,0.38,9.7,5
"4314",6.4,0.27,0.3,1.6,0.04,19,86,0.99089,3.32,0.65,11.5,6
"844",6.9,0.19,0.35,1.7,0.036,33,101,0.99315,3.21,0.54,10.8,7
"4736",6,0.17,0.36,1.7,0.042,14,61,0.99144,3.22,0.54,10.8,6
"1327",6.5,0.22,0.72,6.8,0.042,33,168,0.9958,3.12,0.36,9.2,6
"1529",7.4,0.27,0.49,1.1,0.037,33,156,0.992,3.15,0.54,11.1,6
"1716",6.5,0.18,0.34,1.6,0.04,43,148,0.9912,3.32,0.59,11.5,8
"1694",6.7,0.265,0.22,8.6,0.048,54,198,0.9955,3.25,0.41,10.2,5
"50",6.9,0.19,0.35,5,0.067,32,150,0.995,3.36,0.48,9.8,5
"1655",6.6,0.46,0.49,7.4,0.052,19,184,0.9956,3.11,0.38,9,5
"4698",6.7,0.35,0.32,9,0.032,29,113,0.99188,3.13,0.65,12.9,7
"2973",6.3,0.22,0.22,5.6,0.039,31,128,0.99296,3.12,0.46,10.4,6
"584",7.4,0.24,0.22,10.7,0.042,26,81,0.9954,2.86,0.36,9.7,6
"2788",6.4,0.24,0.25,20.2,0.083,35,157,0.99976,3.17,0.5,9.1,5
"4634",6.2,0.28,0.41,5,0.043,50,188,0.99318,3.23,0.64,10.8,6
"3583",6.3,0.32,0.32,1.5,0.037,12,76,0.98993,3.3,0.46,12.3,6
"4264",7,0.55,0.05,8,0.036,19,164,0.99269,3.26,0.46,12.2,6
"570",6.5,0.28,0.27,5.2,0.04,44,179,0.9948,3.19,0.69,9.4,6
"3643",6,0.25,0.4,5.7,0.052,56,152,0.99398,3.16,0.88,10.5,6
"2521",7.5,0.41,0.23,14.8,0.054,28,174,0.99898,3.18,0.49,9.7,5
"2645",7.15,0.17,0.24,9.6,0.119,56,178,0.99578,3.15,0.44,10.2,6
"2595",5.4,0.5,0.13,5,0.028,12,107,0.99079,3.48,0.88,13.5,7
"2358",8.9,0.21,0.37,1.2,0.028,20,93,0.99244,3.2,0.37,11.5,5
"907",8.3,0.27,0.45,1.3,0.048,8,72,0.9944,3.08,0.61,10.3,4
"1567",7.6,0.18,0.49,18.05,0.046,36,158,0.9996,3.06,0.41,9.2,5
"565",6.8,0.51,0.3,4.2,0.066,38,165,0.9945,3.2,0.42,9.1,5
"2333",6.3,0.4,0.32,10.6,0.049,38,209,0.9981,3.47,0.59,9.3,6
"2961",7.7,0.11,0.34,14.05,0.04,41,114,0.99634,3.07,0.59,11,7
"3748",6.8,0.22,0.3,10.6,0.07,67,194,0.99654,2.89,0.42,9,6
"3588",6.8,0.19,0.71,17.5,0.042,21,114,0.99784,2.85,0.5,9.5,6
"2726",6.9,0.23,0.32,16.4,0.045,62,153,0.9972,3.22,0.42,10.5,5
"535",7.4,0.25,0.36,13.2,0.067,53,178,0.9976,3.01,0.48,9,6
"4825",6.4,0.23,0.35,10.3,0.042,54,140,0.9967,3.23,0.47,9.2,5
"351",6.3,0.12,0.36,2.1,0.044,47,146,0.9914,3.27,0.74,11.4,7
"685",8.1,0.46,0.31,1.7,0.052,50,183,0.9923,3.03,0.42,11.2,5
"3200",6.8,0.21,0.4,6.3,0.032,40,121,0.99214,3.18,0.53,12,7
"1222",5.9,0.4,0.32,6,0.034,50,127,0.992,3.51,0.58,12.5,7
"3514",7.9,0.35,0.28,12.9,0.032,13,63,0.9932,2.99,0.43,13,6
"353",5.5,0.335,0.3,2.5,0.071,27,128,0.9924,3.14,0.51,9.6,6
"2576",6.7,0.17,0.42,10.4,0.038,85,182,0.99628,3.04,0.44,8.9,6
"2695",6.2,0.28,0.27,10.3,0.03,26,108,0.99388,3.2,0.36,10.7,6
"4873",6,0.42,0.41,12.4,0.032,50,179,0.99622,3.14,0.6,9.7,5
"2953",6.1,0.27,0.25,1.8,0.041,9,109,0.9929,3.08,0.54,9,5
"3063",6.8,0.28,0.43,7.6,0.03,30,110,0.99164,3.08,0.59,12.5,8
"3879",6.5,0.35,0.31,10.2,0.069,58,170,0.99692,3.18,0.49,9.4,5
"39",7.3,0.24,0.39,17.95,0.057,45,149,0.9999,3.21,0.36,8.6,5
"3185",6.2,0.1,0.41,1,0.04,17,76,0.98988,3.14,0.56,11.4,7
"2453",7.3,0.19,0.27,1.6,0.027,35,136,0.99248,3.38,0.54,11,7
"3703",7.5,0.24,0.31,13.1,0.05,26,180,0.99884,3.05,0.53,9.1,6
"1035",7.9,0.64,0.46,10.6,0.244,33,227,0.9983,2.87,0.74,9.1,3
"2720",7.5,0.18,0.31,6.5,0.029,53,160,0.99276,3.03,0.38,10.9,6
"2159",7.4,0.18,0.27,1.3,0.048,26,105,0.994,3.52,0.66,10.6,6
"4510",6.7,0.23,0.17,1.3,0.061,14,100,0.9925,3.07,0.55,9.5,5
"2980",6.7,0.36,0.26,7.9,0.034,39,123,0.99119,2.99,0.3,12.2,7
"1205",5,0.33,0.16,1.5,0.049,10,97,0.9917,3.48,0.44,10.7,6
"1781",8.4,0.17,0.31,5.4,0.052,47,150,0.9953,3.24,0.38,9.8,5
"2339",7.2,0.34,0.3,8.4,0.051,40,167,0.99756,3.48,0.62,9.7,5
"100",6,0.34,0.66,15.9,0.046,26,164,0.9979,3.14,0.5,8.8,6
"316",6.8,0.28,0.6,1.1,0.132,42,127,0.9934,3.09,0.44,9.1,6
"3788",6.4,0.34,0.44,8.2,0.043,54,201,0.99551,3.18,0.48,9.5,5
"2086",7.9,0.17,0.32,1.6,0.053,47,150,0.9948,3.29,0.76,9.6,6
"659",6.6,0.27,0.25,3.1,0.052,41,188,0.9915,3.24,0.4,11.3,5
"3916",4.7,0.455,0.18,1.9,0.036,33,106,0.98746,3.21,0.83,14,7
"3363",7.2,0.22,0.28,7.2,0.06,41,132,0.9935,3.08,0.59,11.3,6
"1395",5.6,0.49,0.13,4.5,0.039,17,116,0.9907,3.42,0.9,13.7,7
"1163",6.6,0.25,0.41,7.4,0.043,29,151,0.9946,3.15,0.6,10.2,7
"3076",6.4,0.15,0.4,1.5,0.042,23,87,0.98972,3.11,0.46,12.2,7
"1727",7,0.3,0.32,6.4,0.034,28,97,0.9924,3.23,0.44,11.8,6
"3782",7.4,0.25,0.29,6.8,0.02,31,113,0.99338,3.13,0.29,10.8,6
"4874",5.7,0.21,0.32,1.6,0.03,33,122,0.99044,3.33,0.52,11.9,6
"1144",7.2,0.24,0.3,1.6,0.048,27,131,0.9933,3.25,0.45,10.5,5
"2255",6.2,0.26,0.19,3.4,0.049,47,172,0.9924,3.14,0.43,10.4,6
"12",8.6,0.23,0.4,4.2,0.035,17,109,0.9947,3.14,0.53,9.7,5
"2730",6.5,0.29,0.31,1.7,0.035,24,79,0.99053,3.27,0.69,11.4,7
"988",7.4,0.3,0.3,5.2,0.053,45,163,0.9941,3.12,0.45,10.3,6
"2326",7,0.35,0.17,1.1,0.049,7,119,0.99297,3.13,0.36,9.7,6
"751",7.2,0.29,0.4,7.6,0.024,56,177,0.9928,3.04,0.32,11.5,6
"2649",6.6,0.23,0.29,14.45,0.057,29,144,0.99756,3.33,0.54,10.2,6
"1932",7.1,0.49,0.22,2,0.047,146.5,307.5,0.9924,3.24,0.37,11,3
"1353",5.7,0.21,0.24,2.3,0.047,60,189,0.995,3.65,0.72,10.1,6
"796",7.2,0.31,0.26,7.3,0.05,37,157,0.99625,3.09,0.43,9,5
"1630",7.8,0.15,0.24,7.7,0.047,21,98,0.9951,2.94,0.31,9.6,6
"4262",6,0.31,0.27,2.3,0.042,19,120,0.98952,3.32,0.41,12.7,7
"1028",8,0.55,0.17,8.2,0.04,13,60,0.9956,3.09,0.3,9.5,4
"4467",6.2,0.32,0.24,4.1,0.051,34,149,0.99306,3.36,0.52,11,5
"311",6.1,0.36,0.27,2.1,0.035,16,100,0.9917,3.4,0.71,11.5,7
"231",6.8,0.64,0.08,9.7,0.062,26,142,0.9972,3.37,0.46,8.9,4
"696",6.3,0.34,0.28,14.7,0.047,49,198,0.9977,3.23,0.46,9.5,5
"442",6.1,0.38,0.2,6.6,0.033,25,137,0.9938,3.3,0.69,10.4,6
"4521",5.8,0.31,0.31,7.5,0.052,55,230,0.9949,3.19,0.46,9.8,5
"3833",6.8,0.31,0.19,3.5,0.086,30,130,0.993,2.83,0.44,9.6,5
"2515",6.9,0.34,0.3,4.7,0.029,34,148,0.99165,3.36,0.49,12.3,7
"1438",8.2,0.18,0.49,1.1,0.033,28,81,0.9923,3,0.68,10.4,7
"1693",7,0.24,0.3,4.2,0.04,41,213,0.9927,3.28,0.49,11.8,6
"1293",6.2,0.17,0.3,1.1,0.037,14,79,0.993,3.5,0.54,10.3,6
"3520",6.9,0.33,0.62,7.5,0.038,46,132,0.99143,3.23,0.43,13.4,7
"4313",6.9,0.26,0.29,4.2,0.043,33,114,0.9902,3.16,0.31,12.5,6
"623",5.3,0.32,0.12,6.6,0.043,22,141,0.9937,3.36,0.6,10.4,6
"2866",5.6,0.19,0.46,1.1,0.032,33,115,0.9909,3.36,0.5,10.4,6
"1139",9.2,0.28,0.46,3.2,0.058,39,133,0.996,3.14,0.58,9.5,5
"465",7.2,0.39,0.62,11,0.047,66,178,0.9976,3.16,0.5,8.7,5
"836",7.5,0.42,0.34,4.3,0.04,34,108,0.99155,3.14,0.45,12.8,8
"1597",6.6,0.55,0.01,2.7,0.034,56,122,0.9906,3.15,0.3,11.9,5
"4003",6.1,0.25,0.48,15.8,0.052,25,94,0.99782,3.07,0.45,9.2,6
"516",6.1,0.31,0.26,2.2,0.051,28,167,0.9926,3.37,0.47,10.4,6
"3960",5.6,0.185,0.19,7.1,0.048,36,110,0.99438,3.26,0.41,9.5,6
"452",6.1,0.2,0.25,1.2,0.038,34,128,0.9921,3.24,0.44,10.1,5
"325",8.3,0.41,0.51,2,0.046,11,207,0.993,3.02,0.55,11.4,5
"2022",6.3,0.21,0.28,1.5,0.051,46,142,0.9928,3.23,0.42,10.1,6
"3440",6.7,0.4,0.22,8.8,0.052,24,113,0.99576,3.22,0.45,9.4,5
"1531",7.2,0.27,0.74,12.5,0.037,47,156,0.9981,3.04,0.44,8.7,5
"4553",6.4,0.55,0.26,9.6,0.027,20,104,0.9924,3.22,0.73,13.1,6
"4219",8,0.33,0.32,4.6,0.041,31,180,0.99184,2.92,0.74,12.2,6
"486",6.2,0.18,0.38,1.5,0.028,36,117,0.993,3.47,0.54,9.7,6
"2815",6.7,0.19,0.39,1,0.032,14,71,0.98912,3.31,0.38,13,7
"636",5.9,0.14,0.25,4.5,0.027,34,140,0.9934,3.49,0.51,10.8,6
"33",7.4,0.25,0.36,2.05,0.05,31,100,0.992,3.19,0.44,10.8,6
"4580",6,0.2,0.26,14.7,0.045,53,125,0.998365,2.99,0.69,9.4,6
"1415",5.8,0.17,0.3,1.4,0.037,55,130,0.9909,3.29,0.38,11.3,6
"1850",7,0.24,0.25,1.7,0.042,48,189,0.992,3.25,0.42,11.4,6
"3564",7,0.48,0.12,4.5,0.05,23,86,0.99398,2.86,0.35,9,5
"73",6,0.27,0.28,4.8,0.063,31,201,0.9964,3.69,0.71,10,5
"3497",6,0.24,0.28,3.95,0.038,61,134,0.99146,3.3,0.54,11.3,7
"3666",5.4,0.53,0.16,2.7,0.036,34,128,0.98856,3.2,0.53,13.2,8
"534",7.4,0.25,0.36,13.2,0.067,53,178,0.9976,3.01,0.48,9,6
"780",8.1,0.17,0.44,14.1,0.053,43,145,1.0006,3.28,0.75,8.8,8
"156",7.4,0.24,0.42,14,0.066,48,198,0.9979,2.89,0.42,8.9,6
"4203",6.7,0.24,0.31,2.3,0.044,37,113,0.99013,3.29,0.46,12.9,6
"34",6.2,0.12,0.34,1.5,0.045,43,117,0.9939,3.42,0.51,9,6
"2034",7.2,0.23,0.33,12.7,0.049,50,183,0.9987,3.41,0.4,9.8,5
"3576",6.8,0.18,0.28,1.1,0.027,32,112,0.99089,3.15,0.45,11,7
"4399",7.4,0.27,0.26,11.8,0.053,55,173,0.99699,3.11,0.6,9.8,5
"394",7.3,0.24,0.43,2,0.021,20,69,0.99,3.08,0.56,12.2,6
"4713",5.7,0.27,0.16,9,0.053,32,111,0.99474,3.36,0.37,10.4,6
"562",5.9,0.37,0.1,1.6,0.057,39,128,0.9924,3.24,0.48,10.1,5
"992",8.2,0.26,0.44,1.3,0.046,7,69,0.9944,3.14,0.62,10.2,4
"3623",7.2,0.24,0.3,1.2,0.037,11,95,0.98914,2.96,0.36,12.5,6
"578",7.1,0.22,0.33,2.8,0.033,48,153,0.9899,3.15,0.38,12.7,7
"1565",9.1,0.28,0.49,2,0.059,10,112,0.9958,3.15,0.46,10.1,5
"4107",5.3,0.23,0.56,0.9,0.041,46,141,0.99119,3.16,0.62,9.7,5
"3882",6,0.28,0.24,17.8,0.047,42,111,0.99896,3.1,0.45,8.9,6
"3309",6.4,0.35,0.28,12.6,0.039,19,124,0.99539,3.2,0.43,10.6,6
"3698",6.8,0.15,0.41,12.9,0.044,79.5,182,0.99742,3.24,0.78,10.2,6
"1494",8,0.34,0.49,9,0.033,39,180,0.9936,3.13,0.38,12.3,8
"1020",8.3,0.14,0.26,1.5,0.049,56,189,0.9946,3.21,0.62,9.5,6
"747",7,0.21,0.34,8.5,0.033,31,253,0.9953,3.22,0.56,10.5,6
"2299",6.3,0.41,0.18,3.5,0.027,23,109,0.99018,3.34,0.54,12.8,8
"4835",5.9,0.37,0.3,1.5,0.033,35,95,0.98986,3.36,0.56,12,7
"2559",6.3,0.13,0.42,1.1,0.043,63,146,0.99066,3.13,0.72,11.2,7
"3484",6.1,0.36,0.26,8.15,0.035,14,88,0.99031,3.06,0.27,13,7
"448",6.5,0.41,0.24,14,0.048,24,113,0.9982,3.44,0.53,9.8,6
"451",7.2,0.6,0.2,9.9,0.07,21,174,0.9971,3.03,0.54,9.1,5
"3980",6.5,0.29,0.52,1.7,0.034,41,193,0.99223,3.25,0.59,10.4,6
"510",6,0.24,0.27,1.9,0.048,40,170,0.9938,3.64,0.54,10,7
"281",7,0.24,0.36,2.8,0.034,22,112,0.99,3.19,0.38,12.6,8
"4581",5.7,0.2,0.24,13.8,0.047,44,112,0.99837,2.97,0.66,8.8,6
"785",7.2,0.23,0.19,13.7,0.052,47,197,0.99865,3.12,0.53,9,5
"488",6.6,0.34,0.28,1.3,0.035,32,90,0.9916,3.1,0.42,10.7,6
"3209",6.8,0.25,0.24,1.6,0.045,39,164,0.99402,3.53,0.58,10.8,5
"406",6.8,0.27,0.12,1.3,0.04,87,168,0.992,3.18,0.41,10,5
"2187",6.5,0.39,0.81,1.2,0.217,14,74,0.9936,3.08,0.53,9.5,5
"1135",7.4,0.41,0.34,4.7,0.042,19,127,0.9953,3.25,0.42,10.4,5
"1599",6.3,0.24,0.74,1.4,0.172,24,108,0.9932,3.27,0.39,9.9,6
"4363",6.2,0.24,0.27,2.9,0.039,30,123,0.98959,3.12,0.37,12.8,6
"3066",7,0.15,0.38,15.3,0.045,54,120,0.9975,3.18,0.42,9.8,6
"3626",7.7,0.32,0.61,11.8,0.041,66,188,0.99794,3,0.54,9.3,5
"83",7.1,0.34,0.2,6.1,0.063,47,164,0.9946,3.17,0.42,10,5
"2433",6.4,0.27,0.17,8.4,0.044,60,198,0.99578,3.21,0.47,9.4,5
"213",7,0.16,0.32,8.3,0.045,38,126,0.9958,3.21,0.34,9.2,5
"3697",6.4,0.16,0.44,1.2,0.051,39,122,0.99058,3.11,0.75,11.3,7
"4724",6.4,0.42,0.46,8.4,0.05,58,180,0.99495,3.18,0.46,9.7,6
"3371",6,0.29,0.25,1.4,0.033,30,114,0.98794,3.08,0.43,13.2,6
"1184",6.4,0.26,0.3,2.2,0.025,33,134,0.992,3.21,0.47,10.6,6
"338",5.8,0.27,0.27,12.3,0.045,55,170,0.9972,3.28,0.42,9.3,6
"4024",7.6,0.19,0.37,13.1,0.033,52,151,0.99726,3.18,0.79,10.4,6
"3493",6,0.28,0.27,15.5,0.036,31,134,0.99408,3.19,0.44,13,7
"2755",5.9,0.17,0.28,0.7,0.027,5,28,0.98985,3.13,0.32,10.6,5
"1943",8.3,0.36,0.57,15,0.052,35,256,1.0001,2.93,0.64,8.6,5
"1116",7,0.15,0.38,2.2,0.047,33,96,0.9928,3.13,0.39,10.4,8
"4574",6.8,0.32,0.23,3.3,0.026,31,99,0.9896,3.1,0.4,12.4,6
"3975",6.5,0.29,0.52,7.9,0.049,35,192,0.99551,3.16,0.51,9.5,6
"462",7,0.25,0.29,15.2,0.047,40,171,0.9982,3.22,0.45,9.3,5
"919",7,0.24,0.34,1.4,0.031,27,107,0.99,3.06,0.39,11.9,6
"876",7.1,0.21,0.32,2.2,0.037,28,141,0.993,3.2,0.57,10,7
"1409",7.3,0.25,0.36,13.1,0.05,35,200,0.9986,3.04,0.46,8.9,7
"1812",7.6,0.38,0.2,3.4,0.046,9,116,0.9944,3.15,0.41,9.4,5
"1587",9.3,0.31,0.49,1.3,0.042,34,147,0.9948,3.11,0.46,9.8,5
"458",7.1,0.21,0.27,8.6,0.056,26,111,0.9956,2.95,0.52,9.5,5
"1330",8.4,0.19,0.43,2.1,0.052,20,104,0.994,2.85,0.46,9.5,5
"3785",6.5,0.25,0.27,17.4,0.064,29,140,0.99776,3.2,0.49,10.1,6
"1811",6.6,0.36,0.21,1.5,0.049,39,184,0.9928,3.18,0.41,9.9,6
"4040",6.1,1.1,0.16,4.4,0.033,8,109,0.99058,3.35,0.47,12.4,4
"2351",7.9,0.31,0.22,13.3,0.048,46,212,0.99942,3.47,0.59,10,5
"4401",7.4,0.27,0.26,11.8,0.053,55,173,0.99699,3.11,0.6,9.8,5
"2046",8.7,0.24,0.35,0.6,0.042,11,71,0.9926,3.08,0.38,10.6,5
"4123",6.2,0.34,0.25,12.1,0.059,33,171,0.99769,3.14,0.56,8.7,6
"211",5.6,0.245,0.25,9.7,0.032,12,68,0.994,3.31,0.34,10.5,5
"2302",6.6,0.22,0.28,12.05,0.058,25,125,0.99856,3.45,0.45,9.4,5
"290",7.2,0.23,0.39,14.2,0.058,49,192,0.9979,2.98,0.48,9,7
"2205",7.6,0.27,0.33,2,0.059,19,175,0.9944,3.22,0.56,9.9,5
"3443",5.9,0.27,0.27,5,0.035,14,97,0.99058,3.1,0.33,11.8,7
"653",7.1,0.26,0.34,14.4,0.067,35,189,0.9986,3.07,0.53,9.1,7
"1614",8,0.14,0.49,1.5,0.035,42,120,0.9928,3.26,0.4,10.6,7
"1526",7.2,0.27,0.74,12.5,0.037,47,156,0.9981,3.04,0.44,8.7,5
"3194",5.5,0.12,0.33,1,0.038,23,131,0.99164,3.25,0.45,9.8,5
"2497",8.6,0.23,0.25,11.3,0.031,13,96,0.99645,3.11,0.4,10.8,5
"650",7.1,0.26,0.34,14.4,0.067,35,189,0.9986,3.07,0.53,9.1,7
"2290",7.3,0.4,0.28,6.5,0.037,26,97,0.99148,3.16,0.58,12.6,7
"1350",9.2,0.35,0.39,0.9,0.042,15,61,0.9924,2.96,0.28,10.4,4
"2843",5.9,0.2,0.4,1.3,0.047,23,92,0.99232,3.2,0.45,10,6
"3867",8.4,0.23,0.32,1.3,0.048,59,113,0.99178,3.1,0.55,11,6
"4424",6.2,0.22,0.28,2.2,0.04,24,125,0.9917,3.19,0.48,10.5,6
"2074",6.6,0.27,0.29,5.3,0.045,57,189,0.9953,3.31,0.79,9.8,5
"2365",6.6,0.32,0.24,1.3,0.06,42.5,204,0.99512,3.59,0.51,9.2,5
"3062",6.2,0.25,0.54,7,0.046,58,176,0.99454,3.19,0.7,10.4,5
"1323",5.1,0.31,0.3,0.9,0.037,28,152,0.992,3.54,0.56,10.1,6
"410",8.2,0.28,0.42,1.8,0.031,30,93,0.9917,3.09,0.39,11.4,5
"4758",6,0.38,0.26,3.5,0.035,38,111,0.98872,3.18,0.47,13.6,7
"1484",6.9,0.25,0.24,3.6,0.057,13,85,0.9942,2.99,0.48,9.5,4
"2917",6,0.44,0.26,3.1,0.053,57,128,0.98982,3.22,0.39,12.7,6
"4637",6.5,0.51,0.25,1.7,0.048,39,177,0.99212,3.28,0.57,10.5666666666667,5
"420",7.4,0.31,0.28,1.6,0.05,33,137,0.9929,3.31,0.56,10.5,6
"2974",6.6,0.23,0.3,14.9,0.051,33,118,0.99835,3.04,0.54,9,6
"1389",7.3,0.18,0.29,1.2,0.044,12,143,0.9918,3.2,0.48,11.3,7
"3211",5.8,0.33,0.23,5,0.053,29,106,0.99458,3.13,0.52,9,5
"3172",7.3,0.2,0.39,2.3,0.048,24,87,0.99044,2.94,0.35,12,6
"3399",6.1,0.33,0.32,7.8,0.052,52,183,0.99657,3.39,0.65,9.5,5
"3795",5.5,0.24,0.45,1.7,0.046,22,113,0.99224,3.22,0.48,10,5
"3928",6.5,0.22,0.31,3.9,0.046,17,106,0.99098,3.15,0.31,11.5,5
"4586",5,0.33,0.23,11.8,0.03,23,158,0.99322,3.41,0.64,11.8,6
"4476",5.7,0.22,0.33,1.9,0.036,37,110,0.98945,3.26,0.58,12.4,6
"3844",7.5,0.34,0.28,4,0.028,46,100,0.98958,3.2,0.5,13.2,7
"511",6.7,0.27,0.12,1.3,0.041,62,138,0.9921,3.21,0.42,10,6
"113",7.2,0.31,0.5,13.3,0.056,68,195,0.9982,3.01,0.47,9.2,5
"2594",6.3,0.21,0.29,11.7,0.048,49,147,0.99482,3.22,0.38,10.8,5
"2081",6.8,0.36,0.32,1.6,0.039,10,124,0.9948,3.3,0.67,9.6,5
"4493",6,0.19,0.37,9.7,0.032,17,50,0.9932,3.08,0.66,12,6
"3104",7,0.25,0.45,2.3,0.045,40,118,0.99064,3.16,0.48,11.9,7
"4250",5.5,0.23,0.19,2.2,0.044,39,161,0.99209,3.19,0.43,10.4,6
"3744",7,0.15,0.28,14.7,0.051,29,149,0.99792,2.96,0.39,9,7
"4235",6.3,0.22,0.3,2,0.05,23,120,0.99204,3.24,0.47,10.4,6
"2149",7.1,0.33,0.64,13.2,0.056,12,105,0.9972,3.05,0.39,9.2,5
"3260",7.4,0.19,0.31,14.5,0.045,39,193,0.9986,3.1,0.5,9.2,6
"4049",6.9,0.19,0.35,13.5,0.038,49,118,0.99546,3,0.63,10.7,6
"604",6.4,0.475,0.06,1,0.03,9,131,0.9904,2.97,0.29,10.8,5
"3993",6.7,0.19,0.32,3.7,0.041,26,76,0.99173,2.9,0.57,10.5,7
"1539",6,0.17,0.49,1,0.034,26,106,0.992,3.21,0.42,9.8,6
"4142",6.8,0.28,0.29,11.9,0.052,51,149,0.99544,3.02,0.58,10.4,6
"4031",6.9,0.19,0.38,1.15,0.023,30,105,0.99047,3.11,0.38,11.4,5
"473",6.6,0.24,0.29,2,0.023,19,86,0.99,3.25,0.45,12.5,6
"1577",6.2,0.27,0.49,1.4,0.05,20,74,0.9931,3.32,0.44,9.8,6
"3805",8.1,0.2,0.3,1.3,0.036,7,49,0.99242,2.99,0.73,10.3,5
"1611",7.5,0.32,0.49,1.7,0.031,44,109,0.9906,3.07,0.46,12.5,6
"2432",6.3,0.29,0.14,7.05,0.045,50,177,0.99564,3.23,0.42,9,5
"2211",7.4,0.24,0.26,1.6,0.058,53,150,0.9936,3.18,0.5,9.9,7
"2896",6.4,0.44,0.26,2,0.054,20,180,0.9952,3.58,0.57,10,5
"313",7.8,0.25,0.41,3.7,0.042,37,149,0.9954,3.36,0.45,10,6
"2648",5.8,0.15,0.28,0.8,0.037,43,127,0.99198,3.24,0.51,9.3,5
"2808",7.5,0.18,0.72,9.6,0.039,53,151,0.99802,3.03,0.46,8.9,5
"4798",5.7,0.33,0.32,1.4,0.043,28,93,0.9897,3.31,0.5,12.3,6
"1729",6.8,0.3,0.24,6.6,0.123,35,116,0.9953,3.07,0.48,9.4,5
"2212",6.9,0.21,0.33,1.4,0.056,35,136,0.9938,3.63,0.78,10.3,6
"1058",7.2,0.51,0.24,10,0.093,35,197,0.9981,3.41,0.47,9,5
"2214",7.4,0.17,0.29,1.4,0.047,23,107,0.9939,3.52,0.65,10.4,6
"1556",6.9,0.24,0.49,1.3,0.032,35,148,0.9932,3.45,0.57,10.7,7
"4390",6.3,0.28,0.22,9.5,0.04,30,111,0.99338,3.05,0.31,10.8,4
"1595",7,0.29,0.49,3.8,0.047,37,136,0.9938,2.95,0.4,9.4,6
"2461",6.6,0.33,0.24,16.05,0.045,31,147,0.99822,3.08,0.52,9.2,5
"807",6.4,0.31,0.26,13.2,0.046,57,205,0.9975,3.17,0.41,9.6,5
"2950",6,0.28,0.52,5,0.078,30,139,0.99494,3.1,0.36,9,6
"2067",7.7,0.28,0.29,4.3,0.051,25,142,0.9939,3.16,0.39,10.2,5
"2650",7.15,0.17,0.24,9.6,0.119,56,178,0.99578,3.15,0.44,10.2,6
"4103",6.9,0.37,0.23,9.5,0.057,54,166,0.99568,3.23,0.42,10,5
"3862",6.2,0.22,0.3,12.4,0.054,108,152,0.99728,3.1,0.47,9.5,6
"4269",5.7,0.22,0.29,3.5,0.04,27,146,0.98999,3.17,0.36,12.1,6
"282",6.1,0.31,0.58,5,0.039,36,114,0.9909,3.3,0.6,12.3,8
"1713",7.9,0.18,0.37,3,0.061,25,178,0.995,3.22,0.51,10,6
"3861",7.3,0.25,0.26,7.2,0.048,52,207,0.99587,3.12,0.37,9.2,5
"2821",6.7,0.325,0.82,1.2,0.152,49,120,0.99312,2.99,0.38,9.2,5
"833",7.3,0.3,0.34,2.7,0.044,34,108,0.99105,3.36,0.53,12.8,8
"2982",8.5,0.23,0.28,11.1,0.033,30,97,0.99507,3.03,0.39,10.5,7
"3934",8.7,0.31,0.21,5.6,0.039,28,67,0.99328,2.96,0.52,11,4
"4022",7,0.23,0.42,1.1,0.062,35,100,0.99318,3.04,0.4,9.2,5
"3696",6.4,0.15,0.4,1.3,0.053,61,146,0.99112,3.17,0.68,11,6
"4592",7,0.33,0.78,9.9,0.042,21,251,0.99435,3.01,0.55,11,6
"3508",7.1,0.36,0.28,2.4,0.036,35,115,0.98936,3.19,0.44,13.5,7
"3958",7.7,0.31,0.36,4.3,0.026,15,87,0.99152,3.11,0.48,12,5
"3720",6.6,0.3,0.45,8,0.038,54,200,0.9956,3.18,0.48,9.5,5
"986",6,0.41,0.21,1.9,0.05,29,122,0.9928,3.42,0.52,10.5,6
"4218",6.1,0.38,0.14,3.9,0.06,27,113,0.99344,3.07,0.34,9.2,4
"1219",7.2,0.26,0.44,7.1,0.027,25,126,0.993,3.02,0.34,11.1,8
"3527",8.9,0.27,0.28,0.8,0.024,29,128,0.98984,3.01,0.35,12.4,6
"3208",6.8,0.21,0.42,1.2,0.045,24,126,0.99234,3.09,0.87,10.9,6
"3487",6.9,0.28,0.33,1.2,0.039,16,98,0.9904,3.07,0.39,11.7,6
"2466",7.5,0.28,0.78,12.1,0.041,53,161,0.99838,2.98,0.44,8.7,5
"3490",6.7,0.28,0.31,7.4,0.041,7,81,0.99254,3.04,0.47,11.4,8
"1797",7.1,0.37,0.32,1.4,0.037,27,126,0.9918,3.19,0.62,12,5
"713",8.2,0.27,0.43,1.6,0.035,31,128,0.9916,3.1,0.5,12.3,6
"1720",5.8,0.23,0.27,1.8,0.043,24,69,0.9933,3.38,0.31,9.4,6
"1841",6.9,0.18,0.33,1,0.054,24,164,0.9926,3.42,0.51,10.5,5
"3537",7.2,0.24,0.28,1.9,0.032,30,92,0.9914,3.1,0.39,10.9,6
"2471",7.6,0.25,0.34,1.3,0.056,34,176,0.99434,3.1,0.51,9.5,5
"2467",7.5,0.27,0.79,11.95,0.04,51,159,0.99839,2.98,0.44,8.7,5
"95",7.5,0.17,0.32,1.7,0.04,51,148,0.9916,3.21,0.44,11.5,7
"2229",7.1,0.2,0.36,11.6,0.042,45,124,0.997,2.92,0.59,9.5,7
"4094",6.6,0.41,0.27,10.7,0.11,20,103,0.99672,3.08,0.41,9,6
"2739",6.9,0.615,0.42,12,0.067,24,131,0.99727,3.19,0.34,9.3,5
"35",5.8,0.27,0.2,14.95,0.044,22,179,0.9962,3.37,0.37,10.2,5
"1824",7.3,0.19,0.24,6.3,0.054,34,231,0.9964,3.36,0.54,10,6
"2723",7.6,0.4,0.27,5.2,0.03,32,101,0.99172,3.22,0.62,12.3,7
"2230",6.9,0.25,0.35,9.2,0.034,42,150,0.9947,3.21,0.36,11.5,6
"2286",7.4,0.33,0.26,15.6,0.049,67,210,0.99907,3.06,0.68,9.5,5
"4525",6.6,0.16,0.25,9.8,0.049,59.5,137,0.995,3.16,0.38,10,6
"2208",6.6,0.23,0.24,3.9,0.045,36,138,0.9922,3.15,0.64,11.3,7
"2051",11.8,0.23,0.38,11.1,0.034,15,123,0.9997,2.93,0.55,9.7,3
"2218",8.1,0.25,0.38,3.8,0.051,18,129,0.9928,3.21,0.38,11.5,6
"409",6.3,0.14,0.39,1.2,0.044,26,116,0.992,3.26,0.53,10.3,6
"2027",6.4,0.26,0.4,1.7,0.179,5,60,0.9925,3.09,0.54,10.1,5
"4417",5.7,0.24,0.47,6.3,0.069,35,182,0.99391,3.11,0.46,9.75,5
"3056",6.3,0.25,0.44,1.7,0.024,36,116,0.98935,3.18,0.4,12.5,6
"564",7.4,0.3,0.22,1.4,0.046,16,135,0.9928,3.08,0.77,10.4,7
"4715",6.1,0.22,0.4,1.85,0.031,25,111,0.98966,3.03,0.3,11.8,7
"4180",6.9,0.24,0.4,15.4,0.052,81,198,0.9986,3.2,0.69,9.4,5
"1313",9.6,0.25,0.54,1.3,0.04,16,160,0.9938,2.94,0.43,10.5,5
"2627",8,0.24,0.26,1.7,0.033,36,136,0.99316,3.44,0.51,10.4,7
"1553",7.3,0.21,0.49,1.8,0.038,44,152,0.9912,3.32,0.44,12.6,7
"1326",7.7,0.32,0.48,2.3,0.04,28,114,0.9911,3.2,0.52,12.8,7
"259",6.4,0.23,0.39,1.8,0.032,23,118,0.9912,3.32,0.5,11.8,6
"1063",6.7,0.26,0.26,4,0.079,35.5,216,0.9956,3.31,0.68,9.5,5
"2382",7,0.23,0.42,5.1,0.042,37,144,0.99518,3.5,0.59,10.2,6
"206",6.4,0.21,0.5,11.6,0.042,45,153,0.9972,3.15,0.43,8.8,5
"3560",7.5,0.34,0.24,3.85,0.031,5,34,0.99098,3.01,0.36,11.8,4
"4185",6.4,0.33,0.28,4,0.04,24,81,0.9903,3.26,0.64,12.6,7
"729",6.4,0.16,0.31,5.3,0.043,42,157,0.99455,3.35,0.47,10.5,5
"1907",6,0.28,0.35,1.9,0.037,16,120,0.9933,3.16,0.69,10.6,5
"4465",6.6,0.26,0.56,15.4,0.053,32,141,0.9981,3.11,0.49,9.3,5
"3428",5.8,0.24,0.26,10.05,0.039,63,162,0.99375,3.33,0.5,11.2,6
"1612",8.2,0.26,0.49,5.2,0.04,19,100,0.9941,3.12,0.34,10.1,6
"214",6.7,0.13,0.29,5.3,0.051,31,122,0.9944,3.44,0.37,9.7,6
